Fecha,Territorio,ConfirmadosPCR,ConfirmadosTotal,Hospitalizados,UCI,Defunciones
2020-02-09,Andalucía,0,1,0,0,0
2020-02-09,Granada,0,1,0,0,0
2020-02-20,Andalucía,0,1,0,0,0
2020-02-20,Málaga,0,1,0,0,0
2020-02-26,Andalucía,2,2,2,0,0
2020-02-26,Cádiz,1,1,1,0,0
2020-02-26,Sevilla,1,1,1,0,0
2020-02-27,Andalucía,2,2,1,0,0
2020-02-27,Almería,1,1,1,0,0
2020-02-27,Málaga,1,1,0,0,0
2020-02-28,Andalucía,8,12,1,0,0
2020-02-28,Cádiz,1,1,0,0,0
2020-02-28,Jaén,1,1,0,0,0
2020-02-28,Málaga,5,7,1,0,0
2020-02-28,Sevilla,1,3,0,0,0
2020-02-29,Andalucía,6,8,0,0,0
2020-02-29,Córdoba,0,1,0,0,0
2020-02-29,Huelva,0,1,0,0,0
2020-02-29,Málaga,3,3,0,0,0
2020-02-29,Sevilla,3,3,0,0,0
2020-03-01,Andalucía,0,1,0,0,0
2020-03-01,Sevilla,0,1,0,0,0
2020-03-02,Andalucía,2,2,1,1,1
2020-03-02,Granada,1,1,0,0,0
2020-03-02,Málaga,1,1,1,1,1
2020-03-03,Andalucía,3,3,1,1,0
2020-03-03,Cádiz,1,1,1,1,0
2020-03-03,Málaga,2,2,0,0,0
2020-03-04,Andalucía,2,2,1,0,0
2020-03-04,Cádiz,1,1,0,0,0
2020-03-04,Málaga,1,1,1,0,0
2020-03-05,Andalucía,8,11,2,0,0
2020-03-05,Almería,1,1,0,0,0
2020-03-05,Huelva,2,3,0,0,0
2020-03-05,Jaén,1,2,1,0,0
2020-03-05,Málaga,2,2,0,0,0
2020-03-05,Sevilla,2,3,1,0,0
2020-03-06,Andalucía,23,26,7,3,3
2020-03-06,Almería,1,1,0,0,0
2020-03-06,Cádiz,0,1,0,0,0
2020-03-06,Granada,2,3,0,0,0
2020-03-06,Huelva,4,4,0,0,0
2020-03-06,Jaén,1,1,0,0,0
2020-03-06,Málaga,12,13,7,3,3
2020-03-06,Sevilla,3,3,0,0,0
2020-03-07,Andalucía,7,9,1,0,0
2020-03-07,Almería,1,2,0,0,0
2020-03-07,Cádiz,1,1,0,0,0
2020-03-07,Granada,1,1,0,0,0
2020-03-07,Huelva,0,1,0,0,0
2020-03-07,Málaga,1,1,0,0,0
2020-03-07,Sevilla,3,3,1,0,0
2020-03-08,Andalucía,30,33,9,1,1
2020-03-08,Almería,3,3,0,0,0
2020-03-08,Cádiz,3,3,0,0,0
2020-03-08,Granada,1,1,0,0,0
2020-03-08,Huelva,4,5,1,0,0
2020-03-08,Jaén,5,6,3,0,1
2020-03-08,Málaga,13,13,5,1,0
2020-03-08,Sevilla,1,2,0,0,0
2020-03-09,Andalucía,32,37,9,4,2
2020-03-09,Almería,3,4,0,0,0
2020-03-09,Cádiz,1,1,1,1,0
2020-03-09,Córdoba,1,1,0,0,0
2020-03-09,Granada,2,2,1,1,0
2020-03-09,Huelva,5,6,1,0,0
2020-03-09,Jaén,2,3,1,1,1
2020-03-09,Málaga,16,17,5,1,1
2020-03-09,Sevilla,2,3,0,0,0
2020-03-10,Andalucía,31,36,8,2,1
2020-03-10,Almería,3,3,0,0,0
2020-03-10,Cádiz,3,3,1,0,0
2020-03-10,Córdoba,1,1,1,1,0
2020-03-10,Granada,2,2,0,0,0
2020-03-10,Huelva,5,7,0,0,0
2020-03-10,Jaén,1,1,1,0,0
2020-03-10,Málaga,16,17,5,1,1
2020-03-10,Sevilla,0,2,0,0,0
2020-03-11,Andalucía,74,93,33,8,8
2020-03-11,Almería,5,6,3,0,0
2020-03-11,Cádiz,5,9,1,0,0
2020-03-11,Córdoba,1,1,1,0,0
2020-03-11,Granada,9,10,2,0,1
2020-03-11,Huelva,4,8,0,0,0
2020-03-11,Jaén,10,10,7,1,2
2020-03-11,Málaga,28,34,13,5,5
2020-03-11,Sevilla,12,15,6,2,0
2020-03-12,Andalucía,109,137,38,7,10
2020-03-12,Almería,2,2,0,0,0
2020-03-12,Cádiz,5,7,1,1,0
2020-03-12,Córdoba,7,7,1,1,1
2020-03-12,Granada,13,15,6,1,3
2020-03-12,Huelva,7,14,1,0,0
2020-03-12,Jaén,14,14,5,1,1
2020-03-12,Málaga,48,55,21,3,5
2020-03-12,Sevilla,13,23,3,0,0
2020-03-13,Andalucía,181,207,66,12,15
2020-03-13,Almería,6,7,2,1,1
2020-03-13,Cádiz,12,14,3,0,0
2020-03-13,Córdoba,14,14,3,2,1
2020-03-13,Granada,28,29,12,3,2
2020-03-13,Huelva,6,11,1,0,0
2020-03-13,Jaén,15,15,4,1,2
2020-03-13,Málaga,68,75,35,3,9
2020-03-13,Sevilla,32,42,6,2,0
2020-03-14,Andalucía,126,132,46,11,13
2020-03-14,Almería,2,3,0,0,0
2020-03-14,Cádiz,10,10,3,1,1
2020-03-14,Córdoba,21,21,4,2,1
2020-03-14,Granada,22,22,10,2,4
2020-03-14,Huelva,3,4,1,1,0
2020-03-14,Jaén,7,8,4,2,1
2020-03-14,Málaga,32,33,13,1,4
2020-03-14,Sevilla,29,31,11,2,2
2020-03-15,Andalucía,172,174,79,19,19
2020-03-15,Almería,10,10,3,2,1
2020-03-15,Cádiz,14,14,3,0,0
2020-03-15,Córdoba,31,31,12,2,2
2020-03-15,Granada,19,19,13,4,2
2020-03-15,Huelva,2,3,1,0,0
2020-03-15,Jaén,2,2,1,0,0
2020-03-15,Málaga,71,72,35,6,7
2020-03-15,Sevilla,23,23,11,5,7
2020-03-16,Andalucía,130,133,62,9,13
2020-03-16,Almería,5,5,0,0,0
2020-03-16,Cádiz,21,21,5,0,1
2020-03-16,Córdoba,10,10,7,1,1
2020-03-16,Granada,23,23,14,2,2
2020-03-16,Huelva,3,5,1,1,0
2020-03-16,Jaén,8,8,5,2,2
2020-03-16,Málaga,40,40,19,3,7
2020-03-16,Sevilla,20,21,11,0,0
2020-03-17,Andalucía,253,253,124,24,32
2020-03-17,Almería,8,8,2,1,1
2020-03-17,Cádiz,19,19,4,1,2
2020-03-17,Córdoba,29,29,13,4,3
2020-03-17,Granada,53,53,26,7,12
2020-03-17,Huelva,17,17,13,3,1
2020-03-17,Jaén,28,28,16,3,1
2020-03-17,Málaga,78,78,33,2,9
2020-03-17,Sevilla,21,21,17,3,3
2020-03-18,Andalucía,249,251,109,20,25
2020-03-18,Almería,5,5,4,2,2
2020-03-18,Cádiz,21,21,9,2,2
2020-03-18,Córdoba,15,15,3,1,0
2020-03-18,Granada,53,53,15,2,7
2020-03-18,Huelva,7,7,1,0,0
2020-03-18,Jaén,34,34,15,2,4
2020-03-18,Málaga,73,74,41,7,6
2020-03-18,Sevilla,41,42,21,4,4
2020-03-19,Andalucía,340,345,164,31,31
2020-03-19,Almería,9,9,5,2,2
2020-03-19,Cádiz,21,21,11,2,2
2020-03-19,Córdoba,38,38,20,5,1
2020-03-19,Granada,74,76,33,6,3
2020-03-19,Huelva,7,7,4,0,1
2020-03-19,Jaén,27,27,13,1,2
2020-03-19,Málaga,108,111,52,12,14
2020-03-19,Sevilla,56,56,26,3,6
2020-03-20,Andalucía,319,319,167,29,42
2020-03-20,Almería,9,9,4,1,1
2020-03-20,Cádiz,34,34,9,2,2
2020-03-20,Córdoba,24,24,13,3,3
2020-03-20,Granada,76,76,41,3,8
2020-03-20,Huelva,8,8,3,1,2
2020-03-20,Jaén,33,33,18,4,6
2020-03-20,Málaga,70,70,35,9,9
2020-03-20,Sevilla,65,65,44,6,11
2020-03-21,Andalucía,384,385,232,37,65
2020-03-21,Almería,10,10,7,1,3
2020-03-21,Cádiz,67,68,33,5,15
2020-03-21,Córdoba,19,19,15,1,2
2020-03-21,Granada,70,70,39,5,12
2020-03-21,Huelva,7,7,1,0,1
2020-03-21,Jaén,48,48,31,7,11
2020-03-21,Málaga,92,92,47,7,7
2020-03-21,Sevilla,71,71,59,11,14
2020-03-22,Andalucía,368,369,260,42,58
2020-03-22,Almería,12,12,8,1,2
2020-03-22,Cádiz,28,28,25,3,8
2020-03-22,Córdoba,27,27,20,6,4
2020-03-22,Granada,70,70,40,8,10
2020-03-22,Huelva,17,17,16,4,4
2020-03-22,Jaén,38,38,29,2,7
2020-03-22,Málaga,128,128,87,11,18
2020-03-22,Sevilla,48,49,35,7,5
2020-03-23,Andalucía,554,556,283,45,79
2020-03-23,Almería,20,20,14,1,1
2020-03-23,Cádiz,46,47,20,4,6
2020-03-23,Córdoba,55,55,32,7,1
2020-03-23,Granada,114,114,53,10,14
2020-03-23,Huelva,9,9,3,1,2
2020-03-23,Jaén,34,34,26,3,7
2020-03-23,Málaga,116,117,65,11,17
2020-03-23,Sevilla,160,160,70,8,31
2020-03-24,Andalucía,564,565,323,52,76
2020-03-24,Almería,26,26,18,3,3
2020-03-24,Cádiz,29,29,18,3,2
2020-03-24,Córdoba,65,65,38,4,4
2020-03-24,Granada,105,105,59,8,16
2020-03-24,Huelva,15,15,10,4,3
2020-03-24,Jaén,62,62,35,5,9
2020-03-24,Málaga,105,105,71,11,16
2020-03-24,Sevilla,157,158,74,14,23
2020-03-25,Andalucía,648,649,378,41,55
2020-03-25,Almería,31,31,18,3,2
2020-03-25,Cádiz,60,60,40,10,8
2020-03-25,Córdoba,74,74,29,0,3
2020-03-25,Granada,93,93,69,5,7
2020-03-25,Huelva,19,19,13,3,3
2020-03-25,Jaén,80,80,55,6,10
2020-03-25,Málaga,179,179,99,8,9
2020-03-25,Sevilla,112,113,55,6,13
2020-03-26,Andalucía,680,681,382,43,73
2020-03-26,Almería,17,17,11,2,3
2020-03-26,Cádiz,54,54,36,9,7
2020-03-26,Córdoba,31,32,22,4,3
2020-03-26,Granada,130,130,75,6,15
2020-03-26,Huelva,21,21,12,1,4
2020-03-26,Jaén,96,96,48,2,9
2020-03-26,Málaga,190,190,116,8,16
2020-03-26,Sevilla,141,141,62,11,16
2020-03-27,Andalucía,643,646,370,48,80
2020-03-27,Almería,39,39,21,3,6
2020-03-27,Cádiz,64,64,43,7,9
2020-03-27,Córdoba,57,57,40,5,11
2020-03-27,Granada,126,127,75,9,13
2020-03-27,Huelva,33,33,18,2,4
2020-03-27,Jaén,86,87,43,4,16
2020-03-27,Málaga,116,117,64,7,11
2020-03-27,Sevilla,122,122,66,11,10
2020-03-28,Andalucía,650,650,313,32,68
2020-03-28,Almería,17,17,11,2,1
2020-03-28,Cádiz,66,66,37,6,11
2020-03-28,Córdoba,91,91,36,4,12
2020-03-28,Granada,141,141,57,4,13
2020-03-28,Huelva,24,24,10,1,1
2020-03-28,Jaén,86,86,34,3,10
2020-03-28,Málaga,122,122,68,4,9
2020-03-28,Sevilla,103,103,60,8,11
2020-03-29,Andalucía,408,410,253,33,67
2020-03-29,Almería,17,17,11,4,2
2020-03-29,Cádiz,56,58,30,6,11
2020-03-29,Córdoba,67,67,24,2,7
2020-03-29,Granada,52,52,39,3,7
2020-03-29,Huelva,8,8,6,1,1
2020-03-29,Jaén,32,32,29,3,10
2020-03-29,Málaga,91,91,67,5,15
2020-03-29,Sevilla,85,85,47,9,14
2020-03-30,Andalucía,482,486,241,26,63
2020-03-30,Almería,17,17,8,1,2
2020-03-30,Cádiz,80,80,37,6,12
2020-03-30,Córdoba,23,23,13,2,1
2020-03-30,Granada,90,93,52,7,16
2020-03-30,Huelva,16,16,13,2,4
2020-03-30,Jaén,47,47,23,1,6
2020-03-30,Málaga,98,99,50,5,7
2020-03-30,Sevilla,111,111,45,2,15
2020-03-31,Andalucía,513,515,242,15,57
2020-03-31,Almería,22,22,6,1,2
2020-03-31,Cádiz,46,46,18,0,5
2020-03-31,Córdoba,76,76,26,1,5
2020-03-31,Granada,78,79,43,4,13
2020-03-31,Huelva,18,18,9,0,2
2020-03-31,Jaén,60,61,29,1,6
2020-03-31,Málaga,101,101,50,4,10
2020-03-31,Sevilla,112,112,61,4,14
2020-04-01,Andalucía,471,475,210,22,58
2020-04-01,Almería,13,13,6,1,1
2020-04-01,Cádiz,39,40,18,1,5
2020-04-01,Córdoba,87,87,21,0,6
2020-04-01,Granada,106,106,42,5,15
2020-04-01,Huelva,23,23,6,1,3
2020-04-01,Jaén,41,42,10,1,5
2020-04-01,Málaga,75,77,47,7,9
2020-04-01,Sevilla,87,87,60,6,14
2020-04-02,Andalucía,469,474,201,9,61
2020-04-02,Almería,26,26,4,0,3
2020-04-02,Cádiz,51,53,27,1,5
2020-04-02,Córdoba,54,55,22,2,10
2020-04-02,Granada,130,131,47,2,14
2020-04-02,Huelva,17,17,8,0,1
2020-04-02,Jaén,45,45,25,1,10
2020-04-02,Málaga,68,69,28,0,3
2020-04-02,Sevilla,78,78,40,3,15
2020-04-03,Andalucía,371,382,136,13,32
2020-04-03,Almería,15,15,3,0,2
2020-04-03,Cádiz,38,45,13,2,4
2020-04-03,Córdoba,66,66,18,2,11
2020-04-03,Granada,61,61,20,1,1
2020-04-03,Huelva,12,12,9,0,2
2020-04-03,Jaén,46,48,12,0,3
2020-04-03,Málaga,76,77,36,3,4
2020-04-03,Sevilla,57,58,25,5,5
2020-04-04,Andalucía,371,374,145,15,38
2020-04-04,Almería,26,26,4,1,2
2020-04-04,Cádiz,22,22,2,1,2
2020-04-04,Córdoba,66,66,15,2,4
2020-04-04,Granada,78,78,26,4,7
2020-04-04,Huelva,11,11,8,1,2
2020-04-04,Jaén,43,44,29,3,4
2020-04-04,Málaga,73,74,35,1,11
2020-04-04,Sevilla,52,53,26,2,6
2020-04-05,Andalucía,115,130,64,7,18
2020-04-05,Almería,1,2,1,0,0
2020-04-05,Cádiz,10,10,2,0,0
2020-04-05,Córdoba,11,11,5,0,1
2020-04-05,Granada,28,30,12,3,3
2020-04-05,Huelva,4,4,3,0,0
2020-04-05,Jaén,10,15,12,2,2
2020-04-05,Málaga,24,29,11,0,3
2020-04-05,Sevilla,27,29,18,2,9
2020-04-06,Andalucía,212,230,115,13,32
2020-04-06,Almería,16,16,7,0,1
2020-04-06,Cádiz,17,19,8,1,2
2020-04-06,Córdoba,28,28,11,0,7
2020-04-06,Granada,32,33,21,3,8
2020-04-06,Huelva,5,5,2,0,0
2020-04-06,Jaén,16,18,12,2,1
2020-04-06,Málaga,44,50,26,3,8
2020-04-06,Sevilla,54,61,28,4,5
2020-04-07,Andalucía,267,296,109,8,28
2020-04-07,Almería,12,14,5,1,2
2020-04-07,Cádiz,19,21,3,0,2
2020-04-07,Córdoba,20,20,8,3,2
2020-04-07,Granada,51,55,34,0,6
2020-04-07,Huelva,7,9,3,0,1
2020-04-07,Jaén,27,28,12,2,2
2020-04-07,Málaga,47,51,19,1,3
2020-04-07,Sevilla,84,98,25,1,10
2020-04-08,Andalucía,280,319,91,10,29
2020-04-08,Almería,10,11,3,2,0
2020-04-08,Cádiz,18,19,8,1,4
2020-04-08,Córdoba,14,14,1,0,0
2020-04-08,Granada,64,71,26,1,10
2020-04-08,Huelva,10,11,4,0,1
2020-04-08,Jaén,70,72,17,2,8
2020-04-08,Málaga,53,60,17,2,5
2020-04-08,Sevilla,41,61,15,2,1
2020-04-09,Andalucía,205,223,84,9,13
2020-04-09,Almería,2,2,0,0,0
2020-04-09,Cádiz,33,34,13,3,3
2020-04-09,Córdoba,21,23,10,0,0
2020-04-09,Granada,24,27,15,1,3
2020-04-09,Huelva,8,8,2,0,0
2020-04-09,Jaén,27,27,11,0,1
2020-04-09,Málaga,41,43,17,2,3
2020-04-09,Sevilla,49,59,16,3,3
2020-04-10,Andalucía,183,388,84,7,25
2020-04-10,Almería,4,6,0,0,0
2020-04-10,Cádiz,17,38,11,0,6
2020-04-10,Córdoba,21,39,7,1,3
2020-04-10,Granada,28,33,16,2,6
2020-04-10,Huelva,2,3,1,0,0
2020-04-10,Jaén,20,73,25,3,0
2020-04-10,Málaga,24,68,9,0,6
2020-04-10,Sevilla,67,128,15,1,4
2020-04-11,Andalucía,150,305,59,4,15
2020-04-11,Almería,5,9,0,0,1
2020-04-11,Cádiz,20,22,7,0,1
2020-04-11,Córdoba,18,29,4,0,0
2020-04-11,Granada,30,71,12,1,5
2020-04-11,Huelva,7,12,7,2,2
2020-04-11,Jaén,14,29,7,0,1
2020-04-11,Málaga,25,90,12,0,3
2020-04-11,Sevilla,31,43,10,1,2
2020-04-12,Andalucía,97,147,54,4,12
2020-04-12,Almería,0,1,0,0,0
2020-04-12,Cádiz,25,37,9,0,8
2020-04-12,Córdoba,14,19,5,0,0
2020-04-12,Granada,19,24,17,3,2
2020-04-12,Huelva,3,3,3,1,0
2020-04-12,Jaén,3,5,3,0,0
2020-04-12,Málaga,13,18,9,0,2
2020-04-12,Sevilla,20,40,8,0,0
2020-04-13,Andalucía,137,270,61,4,17
2020-04-13,Almería,1,1,1,0,1
2020-04-13,Cádiz,22,27,10,0,4
2020-04-13,Córdoba,11,17,4,1,2
2020-04-13,Granada,26,32,14,2,5
2020-04-13,Huelva,3,4,1,0,0
2020-04-13,Jaén,11,31,7,1,2
2020-04-13,Málaga,34,110,13,0,1
2020-04-13,Sevilla,29,48,11,0,2
2020-04-14,Andalucía,133,292,66,3,14
2020-04-14,Almería,8,10,1,0,0
2020-04-14,Cádiz,14,21,10,1,4
2020-04-14,Córdoba,11,14,5,0,0
2020-04-14,Granada,33,44,13,0,3
2020-04-14,Huelva,7,10,3,0,1
2020-04-14,Jaén,10,28,10,0,1
2020-04-14,Málaga,28,126,11,1,4
2020-04-14,Sevilla,22,39,13,1,1
2020-04-15,Andalucía,114,206,51,4,2
2020-04-15,Almería,7,9,7,1,0
2020-04-15,Cádiz,16,20,7,0,0
2020-04-15,Córdoba,5,8,3,1,1
2020-04-15,Granada,10,19,4,0,0
2020-04-15,Huelva,6,6,2,0,0
2020-04-15,Jaén,18,32,8,2,1
2020-04-15,Málaga,26,70,11,0,0
2020-04-15,Sevilla,26,42,9,0,0
2020-04-16,Andalucía,112,264,39,2,15
2020-04-16,Almería,10,13,1,0,0
2020-04-16,Cádiz,11,19,5,0,2
2020-04-16,Córdoba,6,8,1,0,0
2020-04-16,Granada,23,42,12,1,6
2020-04-16,Huelva,4,6,1,0,0
2020-04-16,Jaén,22,41,9,1,4
2020-04-16,Málaga,21,86,6,0,1
2020-04-16,Sevilla,15,49,4,0,2
2020-04-17,Andalucía,116,206,49,0,9
2020-04-17,Almería,8,9,2,0,2
2020-04-17,Cádiz,7,8,2,0,0
2020-04-17,Córdoba,11,12,1,0,1
2020-04-17,Granada,39,69,17,0,1
2020-04-17,Huelva,8,11,6,0,1
2020-04-17,Jaén,14,22,6,0,2
2020-04-17,Málaga,14,51,7,0,1
2020-04-17,Sevilla,15,24,8,0,1
2020-04-18,Andalucía,66,97,30,2,5
2020-04-18,Almería,2,4,1,0,0
2020-04-18,Cádiz,6,17,5,0,3
2020-04-18,Córdoba,7,8,5,1,0
2020-04-18,Granada,17,23,3,0,0
2020-04-18,Huelva,7,7,4,0,0
2020-04-18,Jaén,5,5,1,0,0
2020-04-18,Málaga,13,20,6,1,1
2020-04-18,Sevilla,9,13,5,0,1
2020-04-19,Andalucía,45,76,22,2,3
2020-04-19,Almería,2,5,0,0,0
2020-04-19,Cádiz,9,10,3,0,1
2020-04-19,Córdoba,6,9,2,0,1
2020-04-19,Granada,11,18,9,1,1
2020-04-19,Huelva,1,1,0,0,0
2020-04-19,Jaén,3,4,3,1,0
2020-04-19,Málaga,7,20,3,0,0
2020-04-19,Sevilla,6,9,2,0,0
2020-04-20,Andalucía,56,230,36,11,7
2020-04-20,Almería,3,37,2,0,0
2020-04-20,Cádiz,7,12,1,1,0
2020-04-20,Córdoba,2,11,5,2,0
2020-04-20,Granada,24,78,12,5,3
2020-04-20,Huelva,0,1,0,0,0
2020-04-20,Jaén,3,11,7,2,2
2020-04-20,Málaga,7,57,4,1,1
2020-04-20,Sevilla,10,23,5,0,1
2020-04-21,Andalucía,105,267,31,2,10
2020-04-21,Almería,4,6,2,0,0
2020-04-21,Cádiz,17,23,5,1,3
2020-04-21,Córdoba,18,47,1,0,1
2020-04-21,Granada,28,72,9,0,4
2020-04-21,Huelva,2,10,2,0,0
2020-04-21,Jaén,16,33,3,0,1
2020-04-21,Málaga,9,47,1,0,0
2020-04-21,Sevilla,11,29,8,1,1
2020-04-22,Andalucía,56,204,25,2,4
2020-04-22,Almería,2,4,2,0,0
2020-04-22,Cádiz,6,15,2,0,0
2020-04-22,Córdoba,2,11,1,0,1
2020-04-22,Granada,13,65,5,0,1
2020-04-22,Huelva,4,6,2,0,0
2020-04-22,Jaén,5,36,8,2,1
2020-04-22,Málaga,10,43,3,0,0
2020-04-22,Sevilla,14,24,2,0,1
2020-04-23,Andalucía,64,179,15,0,3
2020-04-23,Almería,2,2,2,0,0
2020-04-23,Cádiz,4,8,2,0,1
2020-04-23,Córdoba,13,25,2,0,1
2020-04-23,Granada,17,52,1,0,1
2020-04-23,Huelva,1,3,0,0,0
2020-04-23,Jaén,1,10,2,0,0
2020-04-23,Málaga,15,56,2,0,0
2020-04-23,Sevilla,11,23,4,0,0
2020-04-24,Andalucía,61,208,26,4,2
2020-04-24,Almería,2,10,0,0,0
2020-04-24,Cádiz,7,25,3,0,1
2020-04-24,Córdoba,5,22,2,0,0
2020-04-24,Granada,18,42,6,0,0
2020-04-24,Huelva,3,5,1,0,0
2020-04-24,Jaén,5,22,4,2,1
2020-04-24,Málaga,15,62,5,2,0
2020-04-24,Sevilla,6,20,5,0,0
2020-04-25,Andalucía,49,97,27,2,2
2020-04-25,Almería,1,9,0,0,0
2020-04-25,Cádiz,8,16,5,0,2
2020-04-25,Córdoba,4,7,0,0,0
2020-04-25,Granada,10,24,6,2,0
2020-04-25,Huelva,4,4,2,0,0
2020-04-25,Jaén,8,9,3,0,0
2020-04-25,Málaga,4,14,1,0,0
2020-04-25,Sevilla,10,14,10,0,0
2020-04-26,Andalucía,14,44,11,0,5
2020-04-26,Cádiz,2,2,1,0,1
2020-04-26,Córdoba,1,2,0,0,0
2020-04-26,Granada,1,18,1,0,0
2020-04-26,Huelva,2,2,2,0,1
2020-04-26,Jaén,1,3,1,0,1
2020-04-26,Málaga,3,13,3,0,1
2020-04-26,Sevilla,4,4,3,0,1
2020-04-27,Andalucía,47,203,26,2,9
2020-04-27,Almería,2,25,2,0,0
2020-04-27,Cádiz,4,11,1,0,1
2020-04-27,Córdoba,5,20,4,0,1
2020-04-27,Granada,10,36,5,0,3
2020-04-27,Huelva,4,5,3,0,1
2020-04-27,Jaén,4,11,2,1,1
2020-04-27,Málaga,4,55,3,0,1
2020-04-27,Sevilla,14,40,6,1,1
2020-04-28,Andalucía,30,171,16,2,2
2020-04-28,Almería,0,9,0,0,0
2020-04-28,Cádiz,3,10,4,0,0
2020-04-28,Córdoba,1,21,3,1,0
2020-04-28,Granada,8,29,2,0,1
2020-04-28,Huelva,1,7,0,0,0
2020-04-28,Jaén,2,13,0,0,0
2020-04-28,Málaga,5,61,3,0,0
2020-04-28,Sevilla,10,21,4,1,1
2020-04-29,Andalucía,40,224,21,0,0
2020-04-29,Almería,1,11,0,0,0
2020-04-29,Cádiz,4,15,2,0,0
2020-04-29,Córdoba,3,18,1,0,0
2020-04-29,Granada,7,39,6,0,0
2020-04-29,Huelva,0,18,0,0,0
2020-04-29,Jaén,2,25,2,0,0
2020-04-29,Málaga,15,67,6,0,0
2020-04-29,Sevilla,8,31,4,0,0
2020-04-30,Andalucía,53,240,17,2,4
2020-04-30,Almería,4,13,3,1,2
2020-04-30,Cádiz,7,18,2,0,0
2020-04-30,Córdoba,5,25,1,0,0
2020-04-30,Granada,19,38,3,0,1
2020-04-30,Huelva,0,18,0,0,0
2020-04-30,Jaén,9,22,4,0,0
2020-04-30,Málaga,5,89,3,1,1
2020-04-30,Sevilla,4,17,1,0,0
2020-05-01,Andalucía,38,78,9,1,3
2020-05-01,Almería,1,1,0,0,0
2020-05-01,Cádiz,3,11,0,0,1
2020-05-01,Córdoba,3,14,0,0,0
2020-05-01,Granada,4,12,1,0,0
2020-05-01,Huelva,0,2,0,0,0
2020-05-01,Jaén,15,16,4,1,1
2020-05-01,Málaga,2,6,2,0,0
2020-05-01,Sevilla,10,16,2,0,1
2020-05-02,Andalucía,27,59,12,1,3
2020-05-02,Cádiz,3,7,2,0,0
2020-05-02,Córdoba,1,7,0,0,0
2020-05-02,Granada,3,11,2,0,1
2020-05-02,Jaén,15,17,3,1,2
2020-05-02,Málaga,4,11,2,0,0
2020-05-02,Sevilla,1,6,3,0,0
2020-05-03,Andalucía,6,42,7,1,0
2020-05-03,Córdoba,0,2,2,0,0
2020-05-03,Granada,3,7,1,0,0
2020-05-03,Jaén,0,1,1,0,0
2020-05-03,Málaga,1,12,2,1,0
2020-05-03,Sevilla,2,20,1,0,0
2020-05-04,Andalucía,17,164,11,2,1
2020-05-04,Almería,0,9,0,0,0
2020-05-04,Cádiz,3,7,0,0,0
2020-05-04,Córdoba,1,13,0,0,0
2020-05-04,Granada,5,42,3,0,0
2020-05-04,Huelva,0,9,0,0,0
2020-05-04,Jaén,2,19,3,2,1
2020-05-04,Málaga,4,52,2,0,0
2020-05-04,Sevilla,2,13,3,0,0
2020-05-05,Andalucía,51,229,17,0,2
2020-05-05,Almería,0,7,0,0,0
2020-05-05,Cádiz,7,20,2,0,0
2020-05-05,Córdoba,4,15,1,0,0
2020-05-05,Granada,3,44,0,0,0
2020-05-05,Huelva,1,12,0,0,0
2020-05-05,Jaén,15,20,6,0,1
2020-05-05,Málaga,6,61,7,0,0
2020-05-05,Sevilla,15,50,1,0,1
2020-05-06,Andalucía,23,169,10,1,1
2020-05-06,Almería,0,10,2,0,0
2020-05-06,Cádiz,2,11,0,0,0
2020-05-06,Córdoba,2,27,1,0,0
2020-05-06,Granada,7,22,1,0,0
2020-05-06,Huelva,0,7,0,0,0
2020-05-06,Jaén,1,20,0,0,0
2020-05-06,Málaga,5,46,2,1,1
2020-05-06,Sevilla,6,26,4,0,0
2020-05-07,Andalucía,18,159,10,2,3
2020-05-07,Almería,1,15,0,0,0
2020-05-07,Cádiz,1,10,0,0,0
2020-05-07,Córdoba,1,13,2,1,0
2020-05-07,Granada,2,19,1,0,0
2020-05-07,Huelva,0,5,0,0,0
2020-05-07,Jaén,4,20,4,1,1
2020-05-07,Málaga,1,45,2,0,1
2020-05-07,Sevilla,8,32,1,0,1
2020-05-08,Andalucía,23,187,11,1,0
2020-05-08,Almería,2,12,1,0,0
2020-05-08,Cádiz,0,14,1,0,0
2020-05-08,Córdoba,1,26,0,0,0
2020-05-08,Granada,4,18,1,0,0
2020-05-08,Huelva,0,2,0,0,0
2020-05-08,Jaén,3,16,2,0,0
2020-05-08,Málaga,6,78,4,0,0
2020-05-08,Sevilla,7,21,2,1,0
2020-05-09,Andalucía,16,52,9,0,2
2020-05-09,Almería,5,6,2,0,0
2020-05-09,Cádiz,0,1,1,0,0
2020-05-09,Córdoba,2,12,2,0,0
2020-05-09,Granada,4,11,1,0,1
2020-05-09,Málaga,1,15,0,0,0
2020-05-09,Sevilla,4,7,3,0,1
2020-05-10,Andalucía,13,45,9,2,2
2020-05-10,Almería,3,3,0,0,0
2020-05-10,Córdoba,1,5,1,1,0
2020-05-10,Granada,0,5,1,0,0
2020-05-10,Jaén,8,19,4,0,1
2020-05-10,Málaga,1,11,3,1,1
2020-05-10,Sevilla,0,2,0,0,0
2020-05-11,Andalucía,23,166,9,2,2
2020-05-11,Almería,2,14,2,0,0
2020-05-11,Cádiz,0,14,0,0,0
2020-05-11,Córdoba,0,11,0,0,0
2020-05-11,Granada,4,10,0,0,0
2020-05-11,Huelva,1,3,0,0,0
2020-05-11,Jaén,8,22,6,2,2
2020-05-11,Málaga,4,78,0,0,0
2020-05-11,Sevilla,4,14,1,0,0
2020-05-12,Andalucía,21,157,7,0,0
2020-05-12,Almería,0,10,0,0,0
2020-05-12,Cádiz,5,12,0,0,0
2020-05-12,Córdoba,1,16,2,0,0
2020-05-12,Granada,4,17,2,0,0
2020-05-12,Huelva,0,3,0,0,0
2020-05-12,Jaén,3,10,0,0,0
2020-05-12,Málaga,4,65,0,0,0
2020-05-12,Sevilla,4,24,3,0,0
2020-05-13,Andalucía,17,144,8,0,0
2020-05-13,Almería,3,13,2,0,0
2020-05-13,Cádiz,1,10,1,0,0
2020-05-13,Córdoba,3,11,1,0,0
2020-05-13,Granada,4,17,0,0,0
2020-05-13,Huelva,0,2,0,0,0
2020-05-13,Jaén,3,16,2,0,0
2020-05-13,Málaga,1,53,0,0,0
2020-05-13,Sevilla,2,22,2,0,0
2020-05-14,Andalucía,15,147,12,2,2
2020-05-14,Almería,2,16,6,2,1
2020-05-14,Cádiz,3,8,1,0,1
2020-05-14,Córdoba,0,5,0,0,0
2020-05-14,Granada,2,23,1,0,0
2020-05-14,Huelva,0,1,0,0,0
2020-05-14,Jaén,2,11,3,0,0
2020-05-14,Málaga,3,61,0,0,0
2020-05-14,Sevilla,3,22,1,0,0
2020-05-15,Andalucía,34,182,9,0,4
2020-05-15,Almería,2,7,0,0,0
2020-05-15,Cádiz,1,12,0,0,0
2020-05-15,Córdoba,2,6,1,0,1
2020-05-15,Granada,6,24,2,0,0
2020-05-15,Huelva,1,2,0,0,0
2020-05-15,Jaén,9,25,1,0,2
2020-05-15,Málaga,4,64,5,0,0
2020-05-15,Sevilla,9,42,0,0,1
2020-05-16,Andalucía,8,29,3,0,0
2020-05-16,Almería,0,1,0,0,0
2020-05-16,Cádiz,1,1,0,0,0
2020-05-16,Córdoba,1,2,0,0,0
2020-05-16,Granada,1,10,2,0,0
2020-05-16,Jaén,4,4,1,0,0
2020-05-16,Málaga,1,8,0,0,0
2020-05-16,Sevilla,0,3,0,0,0
2020-05-17,Andalucía,6,25,5,0,0
2020-05-17,Almería,1,1,1,0,0
2020-05-17,Córdoba,1,4,2,0,0
2020-05-17,Granada,1,8,1,0,0
2020-05-17,Jaén,1,1,0,0,0
2020-05-17,Málaga,1,10,1,0,0
2020-05-17,Sevilla,1,1,0,0,0
2020-05-18,Andalucía,16,102,3,0,0
2020-05-18,Almería,0,6,0,0,0
2020-05-18,Cádiz,1,5,0,0,0
2020-05-18,Córdoba,2,10,0,0,0
2020-05-18,Granada,1,4,0,0,0
2020-05-18,Huelva,1,1,0,0,0
2020-05-18,Jaén,8,20,2,0,0
2020-05-18,Málaga,2,43,1,0,0
2020-05-18,Sevilla,1,13,0,0,0
2020-05-19,Andalucía,15,94,3,1,0
2020-05-19,Almería,0,9,0,0,0
2020-05-19,Cádiz,2,5,0,0,0
2020-05-19,Córdoba,0,12,0,0,0
2020-05-19,Granada,4,12,2,0,0
2020-05-19,Huelva,0,1,0,0,0
2020-05-19,Jaén,1,8,0,0,0
2020-05-19,Málaga,5,37,0,0,0
2020-05-19,Sevilla,3,10,1,1,0
2020-05-20,Andalucía,29,100,14,2,0
2020-05-20,Almería,1,8,2,1,0
2020-05-20,Cádiz,7,9,2,0,0
2020-05-20,Córdoba,2,7,1,0,0
2020-05-20,Granada,3,12,1,0,0
2020-05-20,Huelva,0,1,0,0,0
2020-05-20,Jaén,11,17,4,1,0
2020-05-20,Málaga,3,39,3,0,0
2020-05-20,Sevilla,2,7,1,0,0
2020-05-21,Andalucía,12,53,3,1,0
2020-05-21,Almería,1,6,0,0,0
2020-05-21,Cádiz,1,5,1,1,0
2020-05-21,Córdoba,0,1,0,0,0
2020-05-21,Granada,5,9,1,0,0
2020-05-21,Jaén,2,4,0,0,0
2020-05-21,Málaga,1,19,0,0,0
2020-05-21,Sevilla,2,9,1,0,0
2020-05-22,Andalucía,13,55,5,0,1
2020-05-22,Almería,1,5,2,0,0
2020-05-22,Cádiz,0,3,0,0,0
2020-05-22,Granada,2,12,1,0,0
2020-05-22,Huelva,1,1,1,0,0
2020-05-22,Jaén,4,6,1,0,1
2020-05-22,Málaga,3,25,0,0,0
2020-05-22,Sevilla,2,3,0,0,0
2020-05-23,Andalucía,7,11,1,0,0
2020-05-23,Almería,1,2,1,0,0
2020-05-23,Cádiz,0,1,0,0,0
2020-05-23,Granada,2,3,0,0,0
2020-05-23,Jaén,1,2,0,0,0
2020-05-23,Málaga,2,2,0,0,0
2020-05-23,Sevilla,1,1,0,0,0
2020-05-24,Andalucía,3,5,1,0,0
2020-05-24,Almería,1,1,0,0,0
2020-05-24,Granada,0,2,0,0,0
2020-05-24,Jaén,1,1,1,0,0
2020-05-24,Málaga,1,1,0,0,0
2020-05-25,Andalucía,8,21,0,0,0
2020-05-25,Cádiz,2,3,0,0,0
2020-05-25,Córdoba,1,1,0,0,0
2020-05-25,Granada,0,3,0,0,0
2020-05-25,Huelva,0,1,0,0,0
2020-05-25,Jaén,1,2,0,0,0
2020-05-25,Málaga,4,10,0,0,0
2020-05-25,Sevilla,0,1,0,0,0
2020-05-26,Andalucía,7,17,1,0,0
2020-05-26,Almería,1,2,1,0,0
2020-05-26,Cádiz,2,2,0,0,0
2020-05-26,Córdoba,1,1,0,0,0
2020-05-26,Granada,0,6,0,0,0
2020-05-26,Jaén,1,1,0,0,0
2020-05-26,Málaga,0,3,0,0,0
2020-05-26,Sevilla,2,2,0,0,0
2020-05-27,Andalucía,14,16,1,0,0
2020-05-27,Almería,3,3,0,0,0
2020-05-27,Cádiz,3,3,0,0,0
2020-05-27,Córdoba,1,1,0,0,0
2020-05-27,Granada,2,3,0,0,0
2020-05-27,Málaga,5,5,1,0,0
2020-05-27,Sevilla,0,1,0,0,0
2020-05-28,Andalucía,12,18,4,0,0
2020-05-28,Almería,3,4,2,0,0
2020-05-28,Cádiz,2,2,0,0,0
2020-05-28,Granada,3,4,0,0,0
2020-05-28,Huelva,0,2,1,0,0
2020-05-28,Jaén,2,2,1,0,0
2020-05-28,Málaga,2,4,0,0,0
2020-05-29,Andalucía,14,18,0,0,0
2020-05-29,Almería,1,1,0,0,0
2020-05-29,Cádiz,1,2,0,0,0
2020-05-29,Córdoba,2,2,0,0,0
2020-05-29,Granada,2,2,0,0,0
2020-05-29,Jaén,1,3,0,0,0
2020-05-29,Málaga,5,6,0,0,0
2020-05-29,Sevilla,2,2,0,0,0
2020-05-30,Andalucía,14,14,2,0,1
2020-05-30,Almería,2,2,1,0,1
2020-05-30,Cádiz,3,3,0,0,0
2020-05-30,Granada,1,1,0,0,0
2020-05-30,Jaén,3,3,1,0,0
2020-05-30,Málaga,5,5,0,0,0
2020-05-31,Andalucía,10,10,1,0,0
2020-05-31,Almería,2,2,0,0,0
2020-05-31,Cádiz,4,4,1,0,0
2020-05-31,Huelva,1,1,0,0,0
2020-05-31,Jaén,2,2,0,0,0
2020-05-31,Málaga,1,1,0,0,0
2020-06-01,Andalucía,19,20,6,0,1
2020-06-01,Almería,4,4,0,0,0
2020-06-01,Cádiz,0,1,0,0,0
2020-06-01,Córdoba,4,4,1,0,0
2020-06-01,Granada,1,1,1,0,0
2020-06-01,Huelva,3,3,1,0,0
2020-06-01,Jaén,2,2,0,0,0
2020-06-01,Málaga,4,4,3,0,1
2020-06-01,Sevilla,1,1,0,0,0
2020-06-02,Andalucía,13,15,3,0,0
2020-06-02,Almería,1,1,0,0,0
2020-06-02,Cádiz,1,1,0,0,0
2020-06-02,Granada,1,1,0,0,0
2020-06-02,Jaén,1,2,0,0,0
2020-06-02,Málaga,6,7,2,0,0
2020-06-02,Sevilla,3,3,1,0,0
2020-06-03,Andalucía,17,20,6,0,1
2020-06-03,Almería,4,4,3,0,0
2020-06-03,Cádiz,2,3,0,0,0
2020-06-03,Córdoba,1,1,1,0,0
2020-06-03,Granada,4,4,0,0,0
2020-06-03,Jaén,1,3,1,0,1
2020-06-03,Málaga,2,2,0,0,0
2020-06-03,Sevilla,3,3,1,0,0
2020-06-04,Andalucía,13,14,1,0,0
2020-06-04,Almería,2,2,0,0,0
2020-06-04,Granada,1,1,0,0,0
2020-06-04,Jaén,3,3,0,0,0
2020-06-04,Málaga,5,6,1,0,0
2020-06-04,Sevilla,2,2,0,0,0
2020-06-05,Andalucía,15,18,5,1,1
2020-06-05,Almería,4,4,0,0,0
2020-06-05,Cádiz,2,2,0,0,0
2020-06-05,Córdoba,2,2,1,0,0
2020-06-05,Granada,2,4,2,1,1
2020-06-05,Málaga,4,4,1,0,0
2020-06-05,Sevilla,1,2,1,0,0
2020-06-06,Andalucía,10,10,1,0,0
2020-06-06,Cádiz,1,1,0,0,0
2020-06-06,Córdoba,1,1,0,0,0
2020-06-06,Jaén,1,1,0,0,0
2020-06-06,Málaga,6,6,1,0,0
2020-06-06,Sevilla,1,1,0,0,0
2020-06-07,Andalucía,4,4,0,0,0
2020-06-07,Córdoba,1,1,0,0,0
2020-06-07,Granada,1,1,0,0,0
2020-06-07,Málaga,1,1,0,0,0
2020-06-07,Sevilla,1,1,0,0,0
2020-06-08,Andalucía,5,7,0,0,0
2020-06-08,Cádiz,0,1,0,0,0
2020-06-08,Málaga,2,3,0,0,0
2020-06-08,Sevilla,3,3,0,0,0
2020-06-09,Andalucía,8,11,1,0,0
2020-06-09,Almería,1,1,0,0,0
2020-06-09,Cádiz,2,4,0,0,0
2020-06-09,Granada,1,1,0,0,0
2020-06-09,Jaén,1,2,0,0,0
2020-06-09,Málaga,1,1,0,0,0
2020-06-09,Sevilla,2,2,1,0,0
2020-06-10,Andalucía,4,11,3,0,0
2020-06-10,Almería,1,4,3,0,0
2020-06-10,Jaén,2,3,0,0,0
2020-06-10,Málaga,1,4,0,0,0
2020-06-11,Andalucía,8,9,0,0,0
2020-06-11,Cádiz,2,2,0,0,0
2020-06-11,Córdoba,1,1,0,0,0
2020-06-11,Granada,1,1,0,0,0
2020-06-11,Málaga,3,4,0,0,0
2020-06-11,Sevilla,1,1,0,0,0
2020-06-12,Andalucía,4,9,0,0,0
2020-06-12,Cádiz,0,3,0,0,0
2020-06-12,Huelva,0,1,0,0,0
2020-06-12,Málaga,3,4,0,0,0
2020-06-12,Sevilla,1,1,0,0,0
2020-06-13,Andalucía,5,5,1,0,0
2020-06-13,Almería,1,1,0,0,0
2020-06-13,Cádiz,1,1,0,0,0
2020-06-13,Córdoba,1,1,1,0,0
2020-06-13,Jaén,2,2,0,0,0
2020-06-14,Andalucía,1,1,0,0,0
2020-06-14,Málaga,1,1,0,0,0
2020-06-15,Andalucía,2,3,1,0,0
2020-06-15,Granada,1,1,0,0,0
2020-06-15,Málaga,0,1,0,0,0
2020-06-15,Sevilla,1,1,1,0,0
2020-06-16,Andalucía,6,16,3,0,1
2020-06-16,Almería,1,1,0,0,0
2020-06-16,Cádiz,2,2,2,0,1
2020-06-16,Jaén,1,3,1,0,0
2020-06-16,Málaga,1,8,0,0,0
2020-06-16,Sevilla,1,2,0,0,0
2020-06-17,Andalucía,7,10,1,1,0
2020-06-17,Cádiz,3,5,0,0,0
2020-06-17,Granada,3,3,1,1,0
2020-06-17,Sevilla,1,2,0,0,0
2020-06-18,Andalucía,23,26,2,1,0
2020-06-18,Almería,1,1,0,0,0
2020-06-18,Cádiz,14,16,0,0,0
2020-06-18,Granada,6,6,2,1,0
2020-06-18,Jaén,2,2,0,0,0
2020-06-18,Sevilla,0,1,0,0,0
2020-06-19,Andalucía,8,9,3,0,0
2020-06-19,Almería,1,1,1,0,0
2020-06-19,Cádiz,1,1,0,0,0
2020-06-19,Córdoba,1,1,1,0,0
2020-06-19,Granada,4,4,0,0,0
2020-06-19,Málaga,1,2,1,0,0
2020-06-20,Andalucía,13,13,2,0,1
2020-06-20,Cádiz,1,1,0,0,0
2020-06-20,Granada,10,10,1,0,1
2020-06-20,Málaga,2,2,1,0,0
2020-06-21,Andalucía,2,2,0,0,0
2020-06-21,Granada,1,1,0,0,0
2020-06-21,Málaga,1,1,0,0,0
2020-06-22,Andalucía,5,6,2,1,0
2020-06-22,Cádiz,1,1,0,0,0
2020-06-22,Córdoba,0,1,0,0,0
2020-06-22,Huelva,2,2,1,1,0
2020-06-22,Málaga,1,1,1,0,0
2020-06-22,Sevilla,1,1,0,0,0
2020-06-23,Andalucía,28,29,2,1,0
2020-06-23,Almería,1,1,1,1,0
2020-06-23,Cádiz,1,1,0,0,0
2020-06-23,Granada,8,8,1,0,0
2020-06-23,Málaga,18,19,0,0,0
2020-06-24,Andalucía,92,92,3,0,0
2020-06-24,Cádiz,3,3,0,0,0
2020-06-24,Granada,11,11,1,0,0
2020-06-24,Huelva,8,8,0,0,0
2020-06-24,Jaén,4,4,1,0,0
2020-06-24,Málaga,65,65,1,0,0
2020-06-24,Sevilla,1,1,0,0,0
2020-06-25,Andalucía,16,16,0,0,0
2020-06-25,Almería,3,3,0,0,0
2020-06-25,Granada,6,6,0,0,0
2020-06-25,Huelva,1,1,0,0,0
2020-06-25,Málaga,6,6,0,0,0
2020-06-26,Andalucía,22,24,1,0,0
2020-06-26,Cádiz,3,3,0,0,0
2020-06-26,Granada,10,10,1,0,0
2020-06-26,Jaén,3,3,0,0,0
2020-06-26,Málaga,4,6,0,0,0
2020-06-26,Sevilla,2,2,0,0,0
2020-06-27,Andalucía,16,16,2,0,0
2020-06-27,Cádiz,1,1,0,0,0
2020-06-27,Granada,8,8,1,0,0
2020-06-27,Jaén,1,1,0,0,0
2020-06-27,Málaga,6,6,1,0,0
2020-06-28,Andalucía,35,35,2,0,0
2020-06-28,Almería,4,4,0,0,0
2020-06-28,Granada,15,15,0,0,0
2020-06-28,Jaén,3,3,1,0,0
2020-06-28,Málaga,13,13,1,0,0
2020-06-29,Andalucía,15,15,2,0,0
2020-06-29,Almería,1,1,1,0,0
2020-06-29,Cádiz,2,2,0,0,0
2020-06-29,Córdoba,1,1,0,0,0
2020-06-29,Granada,9,9,0,0,0
2020-06-29,Jaén,1,1,0,0,0
2020-06-29,Málaga,1,1,1,0,0
2020-06-30,Andalucía,26,27,4,1,1
2020-06-30,Almería,3,3,1,0,0
2020-06-30,Cádiz,3,3,1,0,1
2020-06-30,Granada,15,15,2,1,0
2020-06-30,Jaén,1,1,0,0,0
2020-06-30,Málaga,3,4,0,0,0
2020-06-30,Sevilla,1,1,0,0,0
2020-07-01,Andalucía,19,20,1,1,1
2020-07-01,Almería,2,2,1,1,1
2020-07-01,Cádiz,2,2,0,0,0
2020-07-01,Granada,11,11,0,0,0
2020-07-01,Jaén,2,2,0,0,0
2020-07-01,Málaga,1,2,0,0,0
2020-07-01,Sevilla,1,1,0,0,0
2020-07-02,Andalucía,12,14,1,0,0
2020-07-02,Almería,1,1,0,0,0
2020-07-02,Cádiz,1,2,0,0,0
2020-07-02,Granada,8,8,1,0,0
2020-07-02,Málaga,2,3,0,0,0
2020-07-03,Andalucía,24,24,5,1,1
2020-07-03,Almería,7,7,2,0,0
2020-07-03,Granada,12,12,3,1,1
2020-07-03,Jaén,1,1,0,0,0
2020-07-03,Málaga,3,3,0,0,0
2020-07-03,Sevilla,1,1,0,0,0
2020-07-04,Andalucía,17,17,5,0,0
2020-07-04,Almería,3,3,1,0,0
2020-07-04,Cádiz,3,3,0,0,0
2020-07-04,Granada,6,6,1,0,0
2020-07-04,Málaga,5,5,3,0,0
2020-07-05,Andalucía,12,12,2,0,1
2020-07-05,Almería,3,3,0,0,0
2020-07-05,Granada,7,7,1,0,0
2020-07-05,Málaga,1,1,1,0,1
2020-07-05,Sevilla,1,1,0,0,0
2020-07-06,Andalucía,11,11,2,0,0
2020-07-06,Almería,3,3,0,0,0
2020-07-06,Cádiz,1,1,1,0,0
2020-07-06,Córdoba,1,1,0,0,0
2020-07-06,Granada,4,4,1,0,0
2020-07-06,Sevilla,2,2,0,0,0
2020-07-07,Andalucía,37,38,3,0,1
2020-07-07,Almería,5,6,1,0,0
2020-07-07,Cádiz,1,1,0,0,0
2020-07-07,Córdoba,2,2,0,0,0
2020-07-07,Granada,23,23,2,0,1
2020-07-07,Jaén,2,2,0,0,0
2020-07-07,Málaga,4,4,0,0,0
2020-07-08,Andalucía,54,54,3,0,0
2020-07-08,Almería,16,16,1,0,0
2020-07-08,Cádiz,3,3,2,0,0
2020-07-08,Córdoba,1,1,0,0,0
2020-07-08,Granada,30,30,0,0,0
2020-07-08,Huelva,1,1,0,0,0
2020-07-08,Málaga,3,3,0,0,0
2020-07-09,Andalucía,42,42,4,0,0
2020-07-09,Almería,6,6,0,0,0
2020-07-09,Cádiz,2,2,0,0,0
2020-07-09,Córdoba,3,3,0,0,0
2020-07-09,Granada,24,24,2,0,0
2020-07-09,Málaga,7,7,2,0,0
2020-07-10,Andalucía,51,52,4,0,0
2020-07-10,Almería,29,30,1,0,0
2020-07-10,Cádiz,2,2,1,0,0
2020-07-10,Granada,6,6,0,0,0
2020-07-10,Huelva,1,1,0,0,0
2020-07-10,Málaga,12,12,2,0,0
2020-07-10,Sevilla,1,1,0,0,0
2020-07-11,Andalucía,43,43,2,1,0
2020-07-11,Almería,24,24,2,1,0
2020-07-11,Córdoba,4,4,0,0,0
2020-07-11,Granada,10,10,0,0,0
2020-07-11,Jaén,1,1,0,0,0
2020-07-11,Málaga,4,4,0,0,0
2020-07-12,Andalucía,20,20,4,0,1
2020-07-12,Almería,11,11,0,0,0
2020-07-12,Cádiz,2,2,0,0,0
2020-07-12,Granada,2,2,1,0,0
2020-07-12,Jaén,1,1,0,0,0
2020-07-12,Málaga,4,4,3,0,1
2020-07-13,Andalucía,30,30,3,1,0
2020-07-13,Almería,14,14,3,1,0
2020-07-13,Cádiz,3,3,0,0,0
2020-07-13,Granada,7,7,0,0,0
2020-07-13,Huelva,2,2,0,0,0
2020-07-13,Jaén,1,1,0,0,0
2020-07-13,Málaga,3,3,0,0,0
2020-07-14,Andalucía,85,85,6,0,1
2020-07-14,Almería,51,51,0,0,0
2020-07-14,Cádiz,2,2,0,0,0
2020-07-14,Granada,17,17,3,0,1
2020-07-14,Jaén,6,6,1,0,0
2020-07-14,Málaga,7,7,1,0,0
2020-07-14,Sevilla,2,2,1,0,0
2020-07-15,Andalucía,46,47,2,0,1
2020-07-15,Almería,17,17,0,0,0
2020-07-15,Granada,10,10,0,0,0
2020-07-15,Huelva,1,1,0,0,0
2020-07-15,Jaén,0,1,1,0,1
2020-07-15,Málaga,8,8,0,0,0
2020-07-15,Sevilla,10,10,1,0,0
2020-07-16,Andalucía,78,78,1,0,0
2020-07-16,Almería,26,26,0,0,0
2020-07-16,Córdoba,8,8,0,0,0
2020-07-16,Granada,30,30,1,0,0
2020-07-16,Jaén,2,2,0,0,0
2020-07-16,Málaga,8,8,0,0,0
2020-07-16,Sevilla,4,4,0,0,0
2020-07-17,Andalucía,114,116,4,0,1
2020-07-17,Almería,12,12,3,0,0
2020-07-17,Cádiz,0,1,0,0,0
2020-07-17,Córdoba,39,39,0,0,0
2020-07-17,Granada,25,26,0,0,0
2020-07-17,Huelva,1,1,0,0,0
2020-07-17,Jaén,1,1,0,0,0
2020-07-17,Málaga,25,25,1,0,0
2020-07-17,Sevilla,11,11,0,0,1
2020-07-18,Andalucía,104,104,9,0,0
2020-07-18,Almería,38,38,4,0,0
2020-07-18,Cádiz,2,2,0,0,0
2020-07-18,Córdoba,34,34,0,0,0
2020-07-18,Granada,10,10,1,0,0
2020-07-18,Jaén,1,1,0,0,0
2020-07-18,Málaga,17,17,3,0,0
2020-07-18,Sevilla,2,2,1,0,0
2020-07-19,Andalucía,88,88,1,0,0
2020-07-19,Almería,58,58,0,0,0
2020-07-19,Cádiz,1,1,0,0,0
2020-07-19,Córdoba,16,16,0,0,0
2020-07-19,Granada,6,6,0,0,0
2020-07-19,Málaga,7,7,1,0,0
2020-07-20,Andalucía,98,98,8,1,0
2020-07-20,Almería,55,55,2,1,0
2020-07-20,Cádiz,4,4,2,0,0
2020-07-20,Córdoba,6,6,1,0,0
2020-07-20,Granada,12,12,1,0,0
2020-07-20,Málaga,13,13,2,0,0
2020-07-20,Sevilla,8,8,0,0,0
2020-07-21,Andalucía,56,56,6,1,2
2020-07-21,Almería,15,15,2,0,1
2020-07-21,Cádiz,3,3,0,0,0
2020-07-21,Córdoba,6,6,1,0,1
2020-07-21,Granada,7,7,1,0,0
2020-07-21,Huelva,1,1,0,0,0
2020-07-21,Jaén,1,1,0,0,0
2020-07-21,Málaga,16,16,1,0,0
2020-07-21,Sevilla,7,7,1,1,0
2020-07-22,Andalucía,81,85,7,1,1
2020-07-22,Almería,23,23,3,0,0
2020-07-22,Cádiz,2,3,1,0,0
2020-07-22,Córdoba,9,10,1,0,0
2020-07-22,Granada,22,23,0,0,0
2020-07-22,Huelva,2,2,0,0,0
2020-07-22,Jaén,0,1,1,1,1
2020-07-22,Málaga,13,13,1,0,0
2020-07-22,Sevilla,10,10,0,0,0
2020-07-23,Andalucía,109,109,7,1,0
2020-07-23,Almería,43,43,3,1,0
2020-07-23,Cádiz,1,1,0,0,0
2020-07-23,Córdoba,6,6,1,0,0
2020-07-23,Granada,14,14,1,0,0
2020-07-23,Huelva,1,1,0,0,0
2020-07-23,Jaén,6,6,1,0,0
2020-07-23,Málaga,29,29,1,0,0
2020-07-23,Sevilla,9,9,0,0,0
2020-07-24,Andalucía,133,134,7,0,0
2020-07-24,Almería,38,38,4,0,0
2020-07-24,Cádiz,4,4,0,0,0
2020-07-24,Córdoba,5,5,0,0,0
2020-07-24,Granada,13,13,1,0,0
2020-07-24,Huelva,4,4,0,0,0
2020-07-24,Jaén,3,3,1,0,0
2020-07-24,Málaga,24,25,1,0,0
2020-07-24,Sevilla,42,42,0,0,0
2020-07-25,Andalucía,101,102,6,1,0
2020-07-25,Almería,37,37,1,0,0
2020-07-25,Cádiz,4,4,2,0,0
2020-07-25,Córdoba,5,5,1,1,0
2020-07-25,Granada,7,8,1,0,0
2020-07-25,Huelva,3,3,0,0,0
2020-07-25,Jaén,1,1,0,0,0
2020-07-25,Málaga,27,27,1,0,0
2020-07-25,Sevilla,17,17,0,0,0
2020-07-26,Andalucía,62,62,1,0,0
2020-07-26,Almería,21,21,1,0,0
2020-07-26,Cádiz,5,5,0,0,0
2020-07-26,Córdoba,6,6,0,0,0
2020-07-26,Granada,12,12,0,0,0
2020-07-26,Huelva,1,1,0,0,0
2020-07-26,Jaén,1,1,0,0,0
2020-07-26,Málaga,10,10,0,0,0
2020-07-26,Sevilla,6,6,0,0,0
2020-07-27,Andalucía,88,89,8,2,1
2020-07-27,Almería,35,35,2,1,0
2020-07-27,Cádiz,3,3,0,0,0
2020-07-27,Córdoba,4,4,0,0,0
2020-07-27,Granada,5,5,0,0,0
2020-07-27,Jaén,1,2,1,1,1
2020-07-27,Málaga,24,24,4,0,0
2020-07-27,Sevilla,16,16,1,0,0
2020-07-28,Andalucía,108,108,10,2,2
2020-07-28,Almería,23,23,2,1,1
2020-07-28,Cádiz,3,3,1,0,0
2020-07-28,Córdoba,9,9,3,1,0
2020-07-28,Granada,9,9,0,0,0
2020-07-28,Huelva,5,5,1,0,1
2020-07-28,Jaén,1,1,0,0,0
2020-07-28,Málaga,37,37,1,0,0
2020-07-28,Sevilla,21,21,2,0,0
2020-07-29,Andalucía,151,151,8,1,0
2020-07-29,Almería,35,35,5,0,0
2020-07-29,Cádiz,8,8,0,0,0
2020-07-29,Córdoba,15,15,0,0,0
2020-07-29,Granada,6,6,0,0,0
2020-07-29,Huelva,2,2,1,0,0
2020-07-29,Jaén,4,4,0,0,0
2020-07-29,Málaga,50,50,2,1,0
2020-07-29,Sevilla,31,31,0,0,0
2020-07-30,Andalucía,203,204,10,1,1
2020-07-30,Almería,85,85,5,0,0
2020-07-30,Cádiz,12,13,0,0,0
2020-07-30,Córdoba,37,37,0,0,0
2020-07-30,Granada,21,21,3,0,0
2020-07-30,Huelva,7,7,1,1,1
2020-07-30,Málaga,25,25,1,0,0
2020-07-30,Sevilla,16,16,0,0,0
2020-07-31,Andalucía,246,246,6,1,3
2020-07-31,Almería,67,67,4,1,2
2020-07-31,Cádiz,31,31,0,0,0
2020-07-31,Córdoba,29,29,0,0,0
2020-07-31,Granada,12,12,0,0,0
2020-07-31,Huelva,9,9,0,0,0
2020-07-31,Jaén,11,11,0,0,0
2020-07-31,Málaga,65,65,2,0,1
2020-07-31,Sevilla,22,22,0,0,0
2020-08-01,Andalucía,193,193,18,2,4
2020-08-01,Almería,35,35,6,1,2
2020-08-01,Cádiz,26,26,4,0,1
2020-08-01,Córdoba,21,21,1,0,0
2020-08-01,Granada,18,18,2,1,0
2020-08-01,Huelva,3,3,0,0,0
2020-08-01,Jaén,5,5,0,0,0
2020-08-01,Málaga,56,56,4,0,1
2020-08-01,Sevilla,29,29,1,0,0
2020-08-02,Andalucía,163,163,10,3,2
2020-08-02,Almería,95,95,8,3,1
2020-08-02,Cádiz,9,9,1,0,1
2020-08-02,Córdoba,6,6,0,0,0
2020-08-02,Granada,8,8,0,0,0
2020-08-02,Huelva,1,1,0,0,0
2020-08-02,Jaén,1,1,0,0,0
2020-08-02,Málaga,26,26,0,0,0
2020-08-02,Sevilla,17,17,1,0,0
2020-08-03,Andalucía,193,193,15,2,0
2020-08-03,Almería,91,91,10,1,0
2020-08-03,Cádiz,10,10,0,0,0
2020-08-03,Córdoba,17,17,0,0,0
2020-08-03,Granada,10,10,1,0,0
2020-08-03,Huelva,1,1,0,0,0
2020-08-03,Jaén,3,3,0,0,0
2020-08-03,Málaga,32,32,1,1,0
2020-08-03,Sevilla,29,29,3,0,0
2020-08-04,Andalucía,237,238,20,3,1
2020-08-04,Almería,77,77,7,1,1
2020-08-04,Cádiz,10,10,3,0,0
2020-08-04,Córdoba,6,6,0,0,0
2020-08-04,Granada,14,14,0,0,0
2020-08-04,Huelva,4,4,0,0,0
2020-08-04,Jaén,4,4,2,0,0
2020-08-04,Málaga,74,75,4,1,0
2020-08-04,Sevilla,48,48,4,1,0
2020-08-05,Andalucía,328,328,23,2,2
2020-08-05,Almería,97,97,10,1,1
2020-08-05,Cádiz,16,16,2,0,0
2020-08-05,Córdoba,14,14,0,0,0
2020-08-05,Granada,21,21,2,0,1
2020-08-05,Huelva,3,3,1,0,0
2020-08-05,Jaén,31,31,4,0,0
2020-08-05,Málaga,113,113,3,1,0
2020-08-05,Sevilla,33,33,1,0,0
2020-08-06,Andalucía,324,324,17,3,2
2020-08-06,Almería,97,97,7,2,1
2020-08-06,Cádiz,28,28,1,0,0
2020-08-06,Córdoba,30,30,2,1,0
2020-08-06,Granada,21,21,1,0,1
2020-08-06,Huelva,7,7,0,0,0
2020-08-06,Jaén,21,21,2,0,0
2020-08-06,Málaga,93,93,4,0,0
2020-08-06,Sevilla,27,27,0,0,0
2020-08-07,Andalucía,363,363,10,1,0
2020-08-07,Almería,114,114,3,1,0
2020-08-07,Cádiz,28,28,2,0,0
2020-08-07,Córdoba,23,23,0,0,0
2020-08-07,Granada,35,35,1,0,0
2020-08-07,Huelva,3,3,0,0,0
2020-08-07,Jaén,32,32,1,0,0
2020-08-07,Málaga,96,96,3,0,0
2020-08-07,Sevilla,32,32,0,0,0
2020-08-08,Andalucía,346,346,15,3,3
2020-08-08,Almería,119,119,4,2,2
2020-08-08,Cádiz,32,32,4,1,1
2020-08-08,Córdoba,7,7,1,0,0
2020-08-08,Granada,14,14,2,0,0
2020-08-08,Huelva,10,10,0,0,0
2020-08-08,Jaén,24,24,2,0,0
2020-08-08,Málaga,93,93,2,0,0
2020-08-08,Sevilla,47,47,0,0,0
2020-08-09,Andalucía,258,259,24,4,2
2020-08-09,Almería,51,51,6,0,0
2020-08-09,Cádiz,34,34,1,1,1
2020-08-09,Córdoba,45,45,1,0,0
2020-08-09,Granada,28,28,2,0,0
2020-08-09,Jaén,3,3,0,0,0
2020-08-09,Málaga,74,74,10,0,0
2020-08-09,Sevilla,23,24,4,3,1
2020-08-10,Andalucía,263,264,18,2,0
2020-08-10,Almería,69,69,7,0,0
2020-08-10,Cádiz,29,30,2,1,0
2020-08-10,Córdoba,30,30,5,1,0
2020-08-10,Granada,16,16,0,0,0
2020-08-10,Huelva,1,1,0,0,0
2020-08-10,Jaén,12,12,1,0,0
2020-08-10,Málaga,82,82,3,0,0
2020-08-10,Sevilla,24,24,0,0,0
2020-08-11,Andalucía,464,465,19,3,1
2020-08-11,Almería,113,114,9,1,0
2020-08-11,Cádiz,56,56,1,1,0
2020-08-11,Córdoba,28,28,1,0,0
2020-08-11,Granada,36,36,0,0,0
2020-08-11,Huelva,6,6,1,0,0
2020-08-11,Jaén,5,5,0,0,0
2020-08-11,Málaga,168,168,5,1,1
2020-08-11,Sevilla,52,52,2,0,0
2020-08-12,Andalucía,564,565,29,2,1
2020-08-12,Almería,143,143,10,1,0
2020-08-12,Cádiz,55,56,3,0,0
2020-08-12,Córdoba,19,19,1,0,0
2020-08-12,Granada,47,47,0,0,0
2020-08-12,Huelva,17,17,1,0,0
2020-08-12,Jaén,28,28,3,0,0
2020-08-12,Málaga,201,201,8,0,1
2020-08-12,Sevilla,54,54,3,1,0
2020-08-13,Andalucía,599,601,41,5,10
2020-08-13,Almería,163,164,14,2,8
2020-08-13,Cádiz,54,55,4,0,0
2020-08-13,Córdoba,29,29,1,0,0
2020-08-13,Granada,46,46,5,1,1
2020-08-13,Huelva,9,9,2,0,0
2020-08-13,Jaén,29,29,3,0,0
2020-08-13,Málaga,207,207,10,2,1
2020-08-13,Sevilla,62,62,2,0,0
2020-08-14,Andalucía,691,691,30,5,2
2020-08-14,Almería,158,158,12,3,2
2020-08-14,Cádiz,78,78,2,0,0
2020-08-14,Córdoba,66,66,0,0,0
2020-08-14,Granada,48,48,4,1,0
2020-08-14,Huelva,7,7,1,0,0
2020-08-14,Jaén,13,13,0,0,0
2020-08-14,Málaga,216,216,7,1,0
2020-08-14,Sevilla,105,105,4,0,0
2020-08-15,Andalucía,589,589,36,4,4
2020-08-15,Almería,151,151,8,1,0
2020-08-15,Cádiz,89,89,2,0,0
2020-08-15,Córdoba,63,63,2,0,0
2020-08-15,Granada,52,52,6,0,2
2020-08-15,Huelva,3,3,1,0,0
2020-08-15,Jaén,20,20,0,0,0
2020-08-15,Málaga,136,136,7,0,1
2020-08-15,Sevilla,75,75,10,3,1
2020-08-16,Andalucía,401,401,26,3,4
2020-08-16,Almería,67,67,5,0,0
2020-08-16,Cádiz,59,59,2,1,1
2020-08-16,Córdoba,53,53,4,0,0
2020-08-16,Granada,28,28,4,0,1
2020-08-16,Huelva,1,1,0,0,0
2020-08-16,Jaén,21,21,1,0,0
2020-08-16,Málaga,138,138,8,2,1
2020-08-16,Sevilla,34,34,2,0,1
2020-08-17,Andalucía,540,540,37,3,3
2020-08-17,Almería,129,129,12,1,0
2020-08-17,Cádiz,52,52,3,0,0
2020-08-17,Córdoba,47,47,3,0,0
2020-08-17,Granada,40,40,3,0,0
2020-08-17,Huelva,4,4,0,0,0
2020-08-17,Jaén,17,17,1,0,1
2020-08-17,Málaga,202,202,12,1,2
2020-08-17,Sevilla,49,49,3,1,0
2020-08-18,Andalucía,654,656,38,2,8
2020-08-18,Almería,118,118,10,1,3
2020-08-18,Cádiz,91,93,9,0,0
2020-08-18,Córdoba,51,51,2,0,2
2020-08-18,Granada,67,67,8,0,1
2020-08-18,Huelva,14,14,0,0,0
2020-08-18,Jaén,21,21,0,0,0
2020-08-18,Málaga,226,226,7,1,2
2020-08-18,Sevilla,66,66,2,0,0
2020-08-19,Andalucía,743,744,47,7,5
2020-08-19,Almería,135,135,9,1,1
2020-08-19,Cádiz,90,90,3,3,2
2020-08-19,Córdoba,94,94,8,1,0
2020-08-19,Granada,80,80,6,0,1
2020-08-19,Huelva,5,5,0,0,0
2020-08-19,Jaén,16,16,3,0,0
2020-08-19,Málaga,206,207,12,1,1
2020-08-19,Sevilla,117,117,6,1,0
2020-08-20,Andalucía,759,759,39,5,6
2020-08-20,Almería,98,98,8,1,2
2020-08-20,Cádiz,111,111,8,1,1
2020-08-20,Córdoba,62,62,5,2,2
2020-08-20,Granada,80,80,1,0,0
2020-08-20,Huelva,19,19,0,0,0
2020-08-20,Jaén,45,45,1,0,0
2020-08-20,Málaga,240,240,11,0,0
2020-08-20,Sevilla,104,104,5,1,1
2020-08-21,Andalucía,779,780,36,4,6
2020-08-21,Almería,144,145,11,0,2
2020-08-21,Cádiz,97,97,1,0,1
2020-08-21,Córdoba,73,73,4,1,1
2020-08-21,Granada,85,85,4,1,1
2020-08-21,Huelva,8,8,1,1,0
2020-08-21,Jaén,26,26,1,0,0
2020-08-21,Málaga,280,280,12,0,1
2020-08-21,Sevilla,66,66,2,1,0
2020-08-22,Andalucía,728,728,37,6,5
2020-08-22,Almería,153,153,8,0,0
2020-08-22,Cádiz,52,52,1,0,0
2020-08-22,Córdoba,93,93,3,1,0
2020-08-22,Granada,72,72,6,2,1
2020-08-22,Huelva,10,10,0,0,0
2020-08-22,Jaén,22,22,2,1,1
2020-08-22,Málaga,227,227,13,2,3
2020-08-22,Sevilla,99,99,4,0,0
2020-08-23,Andalucía,711,711,50,7,10
2020-08-23,Almería,156,156,14,3,4
2020-08-23,Cádiz,87,87,7,1,2
2020-08-23,Córdoba,102,102,6,2,1
2020-08-23,Granada,45,45,1,0,0
2020-08-23,Huelva,7,7,0,0,0
2020-08-23,Jaén,26,26,2,0,0
2020-08-23,Málaga,224,224,12,1,2
2020-08-23,Sevilla,64,64,8,0,1
2020-08-24,Andalucía,617,617,42,5,7
2020-08-24,Almería,102,102,11,3,3
2020-08-24,Cádiz,77,77,1,0,0
2020-08-24,Córdoba,43,43,1,0,1
2020-08-24,Granada,59,59,5,0,0
2020-08-24,Huelva,2,2,0,0,0
2020-08-24,Jaén,41,41,2,0,0
2020-08-24,Málaga,191,191,15,0,2
2020-08-24,Sevilla,102,102,7,2,1
2020-08-25,Andalucía,852,854,64,5,10
2020-08-25,Almería,121,121,14,1,0
2020-08-25,Cádiz,106,106,5,1,3
2020-08-25,Córdoba,71,71,5,0,1
2020-08-25,Granada,97,97,7,0,1
2020-08-25,Huelva,16,16,0,0,0
2020-08-25,Jaén,47,48,2,0,0
2020-08-25,Málaga,286,286,21,3,2
2020-08-25,Sevilla,108,109,10,0,3
2020-08-26,Andalucía,1046,1046,61,5,7
2020-08-26,Almería,159,159,11,1,1
2020-08-26,Cádiz,114,114,4,0,0
2020-08-26,Córdoba,99,99,2,1,2
2020-08-26,Granada,114,114,3,1,0
2020-08-26,Huelva,7,7,0,0,0
2020-08-26,Jaén,49,49,4,0,0
2020-08-26,Málaga,359,359,28,2,4
2020-08-26,Sevilla,145,145,9,0,0
2020-08-27,Andalucía,1086,1088,70,8,11
2020-08-27,Almería,208,208,17,2,5
2020-08-27,Cádiz,141,141,4,1,0
2020-08-27,Córdoba,87,87,11,1,0
2020-08-27,Granada,131,131,4,0,1
2020-08-27,Huelva,22,22,0,0,0
2020-08-27,Jaén,64,64,4,1,1
2020-08-27,Málaga,264,266,23,3,4
2020-08-27,Sevilla,169,169,7,0,0
2020-08-28,Andalucía,1099,1101,56,7,10
2020-08-28,Almería,76,76,5,0,1
2020-08-28,Cádiz,145,145,8,2,4
2020-08-28,Córdoba,128,129,4,0,0
2020-08-28,Granada,91,91,6,1,0
2020-08-28,Huelva,14,14,0,0,0
2020-08-28,Jaén,81,81,4,1,1
2020-08-28,Málaga,409,410,21,2,2
2020-08-28,Sevilla,155,155,8,1,2
2020-08-29,Andalucía,924,927,64,9,15
2020-08-29,Almería,201,202,10,1,3
2020-08-29,Cádiz,146,147,10,1,2
2020-08-29,Córdoba,121,121,7,2,2
2020-08-29,Granada,54,54,4,1,2
2020-08-29,Huelva,21,21,0,0,0
2020-08-29,Jaén,53,53,8,2,2
2020-08-29,Málaga,227,228,17,2,3
2020-08-29,Sevilla,101,101,8,0,1
2020-08-30,Andalucía,797,800,62,7,10
2020-08-30,Almería,113,114,11,1,1
2020-08-30,Cádiz,78,78,6,3,1
2020-08-30,Córdoba,64,64,7,1,2
2020-08-30,Granada,74,74,9,0,2
2020-08-30,Huelva,16,17,0,0,0
2020-08-30,Jaén,46,46,2,0,0
2020-08-30,Málaga,307,308,18,1,2
2020-08-30,Sevilla,99,99,9,1,2
2020-08-31,Andalucía,917,917,91,11,14
2020-08-31,Almería,141,141,11,1,1
2020-08-31,Cádiz,94,94,13,1,4
2020-08-31,Córdoba,124,124,15,2,2
2020-08-31,Granada,73,73,6,1,2
2020-08-31,Huelva,4,4,0,0,0
2020-08-31,Jaén,36,36,2,0,0
2020-08-31,Málaga,297,297,24,3,2
2020-08-31,Sevilla,148,148,20,3,3
2020-09-01,Andalucía,1015,1016,73,6,9
2020-09-01,Almería,113,113,7,0,0
2020-09-01,Cádiz,162,162,8,0,0
2020-09-01,Córdoba,87,87,9,0,2
2020-09-01,Granada,170,170,10,0,2
2020-09-01,Huelva,16,16,0,0,0
2020-09-01,Jaén,61,61,3,0,0
2020-09-01,Málaga,283,283,18,4,5
2020-09-01,Sevilla,123,124,18,2,0
2020-09-02,Andalucía,1141,1144,83,11,14
2020-09-02,Almería,171,172,11,1,0
2020-09-02,Cádiz,180,180,15,1,6
2020-09-02,Córdoba,109,109,8,2,1
2020-09-02,Granada,152,153,8,3,1
2020-09-02,Huelva,15,15,1,0,1
2020-09-02,Jaén,70,70,3,1,1
2020-09-02,Málaga,277,278,19,2,2
2020-09-02,Sevilla,167,167,18,1,2
2020-09-03,Andalucía,1077,1081,85,12,19
2020-09-03,Almería,131,132,4,1,0
2020-09-03,Cádiz,177,177,8,1,4
2020-09-03,Córdoba,83,84,7,0,1
2020-09-03,Granada,158,158,7,4,2
2020-09-03,Huelva,6,6,1,0,0
2020-09-03,Jaén,82,82,6,2,3
2020-09-03,Málaga,228,229,17,1,3
2020-09-03,Sevilla,212,213,35,3,6
2020-09-04,Andalucía,1478,1482,103,10,26
2020-09-04,Almería,157,157,5,1,3
2020-09-04,Cádiz,229,229,12,0,3
2020-09-04,Córdoba,140,140,13,2,4
2020-09-04,Granada,202,202,14,1,5
2020-09-04,Huelva,21,21,1,1,0
2020-09-04,Jaén,71,71,4,0,1
2020-09-04,Málaga,406,410,34,3,7
2020-09-04,Sevilla,252,252,20,2,3
2020-09-05,Andalucía,1052,1054,88,10,16
2020-09-05,Almería,118,118,4,2,1
2020-09-05,Cádiz,142,142,11,1,1
2020-09-05,Córdoba,108,108,10,1,1
2020-09-05,Granada,105,105,9,0,3
2020-09-05,Huelva,35,35,1,0,0
2020-09-05,Jaén,52,52,1,0,0
2020-09-05,Málaga,254,256,31,4,6
2020-09-05,Sevilla,238,238,21,2,4
2020-09-06,Andalucía,807,812,76,6,23
2020-09-06,Almería,124,124,10,0,1
2020-09-06,Cádiz,186,188,21,0,9
2020-09-06,Córdoba,26,26,6,1,2
2020-09-06,Granada,52,52,2,0,1
2020-09-06,Huelva,9,9,0,0,0
2020-09-06,Jaén,37,39,3,0,0
2020-09-06,Málaga,274,275,24,4,8
2020-09-06,Sevilla,99,99,10,1,2
2020-09-07,Andalucía,754,754,85,5,14
2020-09-07,Almería,108,108,9,1,2
2020-09-07,Cádiz,64,64,7,0,0
2020-09-07,Córdoba,47,47,8,0,2
2020-09-07,Granada,97,97,9,0,0
2020-09-07,Huelva,13,13,1,0,0
2020-09-07,Jaén,19,19,0,0,0
2020-09-07,Málaga,279,279,25,2,3
2020-09-07,Sevilla,127,127,26,2,7
2020-09-08,Andalucía,994,995,61,6,21
2020-09-08,Almería,115,115,2,0,0
2020-09-08,Cádiz,154,154,8,1,4
2020-09-08,Córdoba,77,78,2,0,1
2020-09-08,Granada,154,154,3,1,1
2020-09-08,Huelva,33,33,1,0,1
2020-09-08,Jaén,69,69,6,0,2
2020-09-08,Málaga,196,196,15,1,6
2020-09-08,Sevilla,196,196,24,3,6
2020-09-09,Andalucía,1381,1383,89,11,12
2020-09-09,Almería,151,151,9,0,1
2020-09-09,Cádiz,176,176,5,2,2
2020-09-09,Córdoba,194,194,6,0,1
2020-09-09,Granada,170,172,10,1,2
2020-09-09,Huelva,18,18,0,0,0
2020-09-09,Jaén,103,103,11,0,0
2020-09-09,Málaga,292,292,28,5,3
2020-09-09,Sevilla,277,277,20,3,3
2020-09-10,Andalucía,1224,1227,88,11,19
2020-09-10,Almería,164,164,6,3,2
2020-09-10,Cádiz,160,162,7,3,2
2020-09-10,Córdoba,150,150,11,0,1
2020-09-10,Granada,156,156,7,1,2
2020-09-10,Huelva,25,25,3,0,1
2020-09-10,Jaén,47,47,5,0,1
2020-09-10,Málaga,242,243,22,2,2
2020-09-10,Sevilla,280,280,27,2,8
2020-09-11,Andalucía,1543,1545,118,10,28
2020-09-11,Almería,79,79,6,1,0
2020-09-11,Cádiz,245,246,14,4,4
2020-09-11,Córdoba,190,191,11,3,1
2020-09-11,Granada,157,157,8,0,1
2020-09-11,Huelva,24,24,0,0,0
2020-09-11,Jaén,94,94,5,0,1
2020-09-11,Málaga,348,348,28,1,12
2020-09-11,Sevilla,406,406,46,1,9
2020-09-12,Andalucía,973,974,79,12,12
2020-09-12,Almería,74,74,5,2,1
2020-09-12,Cádiz,166,166,5,0,0
2020-09-12,Córdoba,114,114,7,2,0
2020-09-12,Granada,72,73,3,1,1
2020-09-12,Huelva,44,44,0,0,0
2020-09-12,Jaén,64,64,5,0,2
2020-09-12,Málaga,228,228,21,2,0
2020-09-12,Sevilla,211,211,33,5,8
2020-09-13,Andalucía,784,785,66,5,10
2020-09-13,Almería,96,96,6,2,1
2020-09-13,Cádiz,116,116,7,0,0
2020-09-13,Córdoba,71,72,10,3,3
2020-09-13,Granada,61,61,5,0,2
2020-09-13,Huelva,20,20,1,0,0
2020-09-13,Jaén,75,75,4,0,1
2020-09-13,Málaga,201,201,14,0,2
2020-09-13,Sevilla,144,144,19,0,1
2020-09-14,Andalucía,807,808,87,9,20
2020-09-14,Almería,39,39,4,0,2
2020-09-14,Cádiz,77,77,7,1,2
2020-09-14,Córdoba,106,106,14,1,5
2020-09-14,Granada,80,80,6,0,0
2020-09-14,Huelva,18,18,3,1,2
2020-09-14,Jaén,34,34,3,2,2
2020-09-14,Málaga,165,166,10,1,1
2020-09-14,Sevilla,288,288,40,3,6
2020-09-15,Andalucía,1096,1099,88,8,18
2020-09-15,Almería,104,104,6,0,2
2020-09-15,Cádiz,111,112,6,0,1
2020-09-15,Córdoba,151,151,16,2,6
2020-09-15,Granada,101,102,8,0,0
2020-09-15,Huelva,40,40,6,0,2
2020-09-15,Jaén,84,84,11,2,3
2020-09-15,Málaga,238,239,13,3,2
2020-09-15,Sevilla,267,267,22,1,2
2020-09-16,Andalucía,1497,1498,105,10,23
2020-09-16,Almería,129,129,6,0,0
2020-09-16,Cádiz,219,219,15,0,2
2020-09-16,Córdoba,141,141,18,2,2
2020-09-16,Granada,117,117,9,1,4
2020-09-16,Huelva,24,24,2,0,0
2020-09-16,Jaén,86,86,11,2,1
2020-09-16,Málaga,288,288,18,1,6
2020-09-16,Sevilla,493,494,26,4,8
2020-09-17,Andalucía,1357,1359,76,4,10
2020-09-17,Almería,125,125,5,1,0
2020-09-17,Cádiz,194,195,11,1,2
2020-09-17,Córdoba,150,150,14,1,2
2020-09-17,Granada,125,125,13,0,4
2020-09-17,Huelva,22,22,0,0,0
2020-09-17,Jaén,110,110,6,0,0
2020-09-17,Málaga,331,332,11,1,2
2020-09-17,Sevilla,300,300,16,0,0
2020-09-18,Andalucía,1626,1629,103,9,35
2020-09-18,Almería,102,102,1,0,0
2020-09-18,Cádiz,248,248,5,0,1
2020-09-18,Córdoba,263,263,29,3,14
2020-09-18,Granada,160,161,17,1,6
2020-09-18,Huelva,34,34,0,0,0
2020-09-18,Jaén,143,143,12,1,2
2020-09-18,Málaga,202,203,14,1,5
2020-09-18,Sevilla,474,475,25,3,7
2020-09-19,Andalucía,1146,1147,91,9,24
2020-09-19,Almería,81,81,4,2,0
2020-09-19,Cádiz,161,161,8,1,2
2020-09-19,Córdoba,103,103,12,1,4
2020-09-19,Granada,122,123,9,0,5
2020-09-19,Huelva,37,37,1,0,0
2020-09-19,Jaén,118,118,11,0,2
2020-09-19,Málaga,209,209,16,2,3
2020-09-19,Sevilla,315,315,30,3,8
2020-09-20,Andalucía,759,761,66,8,14
2020-09-20,Almería,75,76,4,1,1
2020-09-20,Cádiz,93,93,4,1,1
2020-09-20,Córdoba,72,72,10,1,3
2020-09-20,Granada,42,42,4,1,1
2020-09-20,Huelva,5,5,0,0,0
2020-09-20,Jaén,68,68,4,1,1
2020-09-20,Málaga,193,194,14,0,2
2020-09-20,Sevilla,211,211,26,3,5
2020-09-21,Andalucía,903,903,92,5,21
2020-09-21,Almería,33,33,2,0,0
2020-09-21,Cádiz,76,76,7,0,0
2020-09-21,Córdoba,42,42,11,1,2
2020-09-21,Granada,107,107,6,0,2
2020-09-21,Huelva,10,10,0,0,0
2020-09-21,Jaén,108,108,11,0,1
2020-09-21,Málaga,256,256,14,0,7
2020-09-21,Sevilla,271,271,41,4,9
2020-09-22,Andalucía,1303,1303,103,9,24
2020-09-22,Almería,86,86,6,0,2
2020-09-22,Cádiz,122,122,7,2,2
2020-09-22,Córdoba,185,185,19,3,6
2020-09-22,Granada,196,196,9,1,4
2020-09-22,Huelva,42,42,4,0,0
2020-09-22,Jaén,109,109,11,1,2
2020-09-22,Málaga,231,231,15,1,3
2020-09-22,Sevilla,332,332,32,1,5
2020-09-23,Andalucía,1312,1313,99,8,17
2020-09-23,Almería,92,92,6,0,1
2020-09-23,Cádiz,136,136,8,1,2
2020-09-23,Córdoba,124,124,12,0,3
2020-09-23,Granada,198,198,14,1,2
2020-09-23,Huelva,37,37,2,0,0
2020-09-23,Jaén,96,96,8,0,1
2020-09-23,Málaga,269,270,13,3,4
2020-09-23,Sevilla,360,360,36,3,4
2020-09-24,Andalucía,1509,1509,106,3,23
2020-09-24,Almería,94,94,5,0,0
2020-09-24,Cádiz,166,166,9,0,0
2020-09-24,Córdoba,251,251,17,1,6
2020-09-24,Granada,203,203,4,0,3
2020-09-24,Huelva,35,35,5,0,0
2020-09-24,Jaén,102,102,3,0,2
2020-09-24,Málaga,202,202,15,0,1
2020-09-24,Sevilla,456,456,48,2,11
2020-09-25,Andalucía,1431,1433,98,10,18
2020-09-25,Almería,70,70,5,0,1
2020-09-25,Cádiz,136,136,12,1,2
2020-09-25,Córdoba,229,229,16,3,5
2020-09-25,Granada,193,194,10,1,2
2020-09-25,Huelva,40,40,3,0,0
2020-09-25,Jaén,181,181,15,2,1
2020-09-25,Málaga,196,196,11,1,3
2020-09-25,Sevilla,386,387,26,2,4
2020-09-26,Andalucía,1325,1328,103,6,20
2020-09-26,Almería,115,115,4,0,0
2020-09-26,Cádiz,153,153,6,1,2
2020-09-26,Córdoba,160,160,6,0,1
2020-09-26,Granada,202,202,15,1,4
2020-09-26,Huelva,56,56,1,0,0
2020-09-26,Jaén,134,135,7,1,0
2020-09-26,Málaga,227,228,32,1,9
2020-09-26,Sevilla,278,279,32,2,4
2020-09-27,Andalucía,704,704,64,4,15
2020-09-27,Almería,71,71,4,1,1
2020-09-27,Cádiz,56,56,5,1,4
2020-09-27,Córdoba,147,147,11,1,2
2020-09-27,Granada,65,65,5,0,1
2020-09-27,Huelva,23,23,2,1,0
2020-09-27,Jaén,89,89,5,0,0
2020-09-27,Málaga,108,108,8,0,2
2020-09-27,Sevilla,145,145,24,0,5
2020-09-28,Andalucía,786,786,51,4,8
2020-09-28,Almería,41,41,1,0,0
2020-09-28,Cádiz,55,55,2,0,0
2020-09-28,Córdoba,96,96,10,1,0
2020-09-28,Granada,148,148,2,0,1
2020-09-28,Huelva,39,39,1,0,0
2020-09-28,Jaén,86,86,7,0,1
2020-09-28,Málaga,99,99,6,1,1
2020-09-28,Sevilla,222,222,22,2,5
2020-09-29,Andalucía,1235,1236,89,11,20
2020-09-29,Almería,71,71,6,2,2
2020-09-29,Cádiz,133,133,12,2,5
2020-09-29,Córdoba,112,112,13,1,1
2020-09-29,Granada,240,240,11,1,1
2020-09-29,Huelva,35,35,2,0,1
2020-09-29,Jaén,143,144,6,2,5
2020-09-29,Málaga,115,115,6,1,2
2020-09-29,Sevilla,386,386,33,2,3
2020-09-30,Andalucía,1442,1449,86,5,21
2020-09-30,Almería,105,106,3,1,1
2020-09-30,Cádiz,116,116,4,0,0
2020-09-30,Córdoba,93,93,3,0,0
2020-09-30,Granada,329,329,14,2,1
2020-09-30,Huelva,45,45,3,0,3
2020-09-30,Jaén,110,110,14,0,2
2020-09-30,Málaga,216,217,17,0,6
2020-09-30,Sevilla,428,433,28,2,8
2020-10-01,Andalucía,1680,1686,84,9,18
2020-10-01,Almería,98,101,3,1,0
2020-10-01,Cádiz,132,132,8,0,2
2020-10-01,Córdoba,170,170,11,1,3
2020-10-01,Granada,370,370,19,3,3
2020-10-01,Huelva,51,51,4,1,2
2020-10-01,Jaén,206,207,9,0,2
2020-10-01,Málaga,199,201,6,0,1
2020-10-01,Sevilla,454,454,24,3,5
2020-10-02,Andalucía,1762,1767,104,14,32
2020-10-02,Almería,97,97,2,0,0
2020-10-02,Cádiz,158,158,9,4,2
2020-10-02,Córdoba,191,191,16,2,2
2020-10-02,Granada,314,314,9,0,2
2020-10-02,Huelva,66,67,9,0,5
2020-10-02,Jaén,169,170,15,3,6
2020-10-02,Málaga,172,172,4,0,1
2020-10-02,Sevilla,595,598,40,5,14
2020-10-03,Andalucía,1250,1251,71,7,15
2020-10-03,Almería,49,49,0,0,0
2020-10-03,Cádiz,125,125,6,1,1
2020-10-03,Córdoba,114,114,9,0,1
2020-10-03,Granada,306,306,10,3,4
2020-10-03,Huelva,11,11,1,0,0
2020-10-03,Jaén,191,192,13,2,4
2020-10-03,Málaga,166,166,5,0,2
2020-10-03,Sevilla,288,288,27,1,3
2020-10-04,Andalucía,963,968,91,9,24
2020-10-04,Almería,82,83,4,1,0
2020-10-04,Cádiz,57,57,4,0,1
2020-10-04,Córdoba,101,101,11,2,2
2020-10-04,Granada,129,129,15,3,3
2020-10-04,Huelva,20,20,5,0,3
2020-10-04,Jaén,108,111,12,1,9
2020-10-04,Málaga,126,126,19,2,1
2020-10-04,Sevilla,340,341,21,0,5
2020-10-05,Andalucía,1246,1248,100,9,33
2020-10-05,Almería,46,46,6,0,1
2020-10-05,Cádiz,72,72,6,0,1
2020-10-05,Córdoba,126,127,9,1,2
2020-10-05,Granada,251,251,17,2,3
2020-10-05,Huelva,34,34,4,0,0
2020-10-05,Jaén,148,148,10,0,15
2020-10-05,Málaga,107,108,13,2,4
2020-10-05,Sevilla,462,462,35,4,7
2020-10-06,Andalucía,1934,1942,122,12,28
2020-10-06,Almería,56,56,1,0,1
2020-10-06,Cádiz,117,118,5,2,2
2020-10-06,Córdoba,198,198,19,3,4
2020-10-06,Granada,537,537,25,1,9
2020-10-06,Huelva,65,66,2,0,1
2020-10-06,Jaén,232,234,16,1,1
2020-10-06,Málaga,179,180,11,2,2
2020-10-06,Sevilla,550,553,43,3,8
2020-10-07,Andalucía,2042,2046,119,13,33
2020-10-07,Almería,115,116,5,0,1
2020-10-07,Cádiz,190,190,10,3,5
2020-10-07,Córdoba,227,228,17,2,4
2020-10-07,Granada,520,520,21,3,7
2020-10-07,Huelva,43,43,1,0,0
2020-10-07,Jaén,282,283,18,2,4
2020-10-07,Málaga,213,213,21,2,8
2020-10-07,Sevilla,452,453,26,1,4
2020-10-08,Andalucía,2411,2413,126,7,24
2020-10-08,Almería,115,115,4,0,0
2020-10-08,Cádiz,143,144,11,1,1
2020-10-08,Córdoba,253,253,18,2,5
2020-10-08,Granada,517,517,20,1,5
2020-10-08,Huelva,78,78,6,0,2
2020-10-08,Jaén,253,254,12,0,1
2020-10-08,Málaga,273,273,20,1,5
2020-10-08,Sevilla,779,779,35,2,5
2020-10-09,Andalucía,2609,2613,121,6,27
2020-10-09,Almería,64,64,4,0,3
2020-10-09,Cádiz,189,189,9,0,6
2020-10-09,Córdoba,304,304,21,1,5
2020-10-09,Granada,593,593,15,2,2
2020-10-09,Huelva,37,37,2,0,1
2020-10-09,Jaén,282,282,11,0,2
2020-10-09,Málaga,307,309,19,1,4
2020-10-09,Sevilla,833,835,40,2,4
2020-10-10,Andalucía,1876,1882,134,11,34
2020-10-10,Almería,82,83,8,1,2
2020-10-10,Cádiz,137,137,7,2,3
2020-10-10,Córdoba,258,259,15,2,2
2020-10-10,Granada,436,436,22,0,8
2020-10-10,Huelva,81,81,10,0,0
2020-10-10,Jaén,202,204,14,1,5
2020-10-10,Málaga,189,189,16,2,5
2020-10-10,Sevilla,491,493,42,3,9
2020-10-11,Andalucía,1097,1100,112,10,26
2020-10-11,Almería,45,47,7,1,3
2020-10-11,Cádiz,72,72,10,1,1
2020-10-11,Córdoba,149,149,12,3,1
2020-10-11,Granada,161,161,23,1,7
2020-10-11,Huelva,19,19,2,0,0
2020-10-11,Jaén,122,123,12,0,3
2020-10-11,Málaga,135,135,15,3,6
2020-10-11,Sevilla,394,394,31,1,5
2020-10-12,Andalucía,1021,1021,105,10,24
2020-10-12,Almería,37,37,4,0,1
2020-10-12,Cádiz,61,61,2,0,1
2020-10-12,Córdoba,132,132,9,0,3
2020-10-12,Granada,197,197,17,4,3
2020-10-12,Huelva,32,32,5,1,1
2020-10-12,Jaén,157,157,20,3,6
2020-10-12,Málaga,92,92,14,1,2
2020-10-12,Sevilla,313,313,34,1,7
2020-10-13,Andalucía,1800,1805,133,9,29
2020-10-13,Almería,42,43,7,0,4
2020-10-13,Cádiz,89,90,6,1,2
2020-10-13,Córdoba,263,263,22,2,3
2020-10-13,Granada,430,431,21,1,5
2020-10-13,Huelva,55,55,1,0,0
2020-10-13,Jaén,198,198,12,1,1
2020-10-13,Málaga,169,169,14,1,3
2020-10-13,Sevilla,554,556,50,3,11
2020-10-14,Andalucía,2921,2940,190,17,42
2020-10-14,Almería,98,100,4,1,3
2020-10-14,Cádiz,210,219,23,0,5
2020-10-14,Córdoba,313,313,14,0,2
2020-10-14,Granada,720,720,29,2,3
2020-10-14,Huelva,68,68,2,0,0
2020-10-14,Jaén,373,374,30,6,5
2020-10-14,Málaga,330,330,27,4,7
2020-10-14,Sevilla,809,816,61,4,17
2020-10-15,Andalucía,3463,3469,193,14,55
2020-10-15,Almería,114,115,8,1,1
2020-10-15,Cádiz,244,244,28,0,8
2020-10-15,Córdoba,260,260,14,2,3
2020-10-15,Granada,940,940,27,3,17
2020-10-15,Huelva,111,112,6,0,1
2020-10-15,Jaén,384,384,20,2,6
2020-10-15,Málaga,299,299,14,0,2
2020-10-15,Sevilla,1111,1115,76,6,17
2020-10-16,Andalucía,3243,3247,193,18,30
2020-10-16,Almería,100,100,4,0,0
2020-10-16,Cádiz,216,216,13,1,3
2020-10-16,Córdoba,320,320,24,4,1
2020-10-16,Granada,878,878,44,3,10
2020-10-16,Huelva,118,118,6,0,0
2020-10-16,Jaén,404,405,30,2,4
2020-10-16,Málaga,333,334,23,3,4
2020-10-16,Sevilla,874,876,49,5,8
2020-10-17,Andalucía,2523,2526,163,17,42
2020-10-17,Almería,191,191,9,1,1
2020-10-17,Cádiz,242,242,18,1,10
2020-10-17,Córdoba,275,276,21,1,1
2020-10-17,Granada,607,607,27,4,11
2020-10-17,Huelva,68,68,6,0,1
2020-10-17,Jaén,293,293,22,2,4
2020-10-17,Málaga,182,182,14,3,4
2020-10-17,Sevilla,665,667,46,5,10
2020-10-18,Andalucía,1278,1281,135,12,44
2020-10-18,Almería,87,87,7,3,2
2020-10-18,Cádiz,113,113,12,0,4
2020-10-18,Córdoba,117,117,7,0,2
2020-10-18,Granada,188,188,29,1,16
2020-10-18,Huelva,84,85,6,0,1
2020-10-18,Jaén,152,153,16,1,6
2020-10-18,Málaga,134,134,17,0,5
2020-10-18,Sevilla,403,404,41,7,8
2020-10-19,Andalucía,2685,2691,204,19,53
2020-10-19,Almería,92,92,4,0,0
2020-10-19,Cádiz,168,168,12,2,9
2020-10-19,Córdoba,300,302,36,3,9
2020-10-19,Granada,815,815,43,5,12
2020-10-19,Huelva,88,88,2,0,0
2020-10-19,Jaén,239,241,18,2,8
2020-10-19,Málaga,216,218,29,0,3
2020-10-19,Sevilla,767,767,60,7,12
2020-10-20,Andalucía,3751,3754,235,15,51
2020-10-20,Almería,152,152,11,3,3
2020-10-20,Cádiz,236,236,19,2,5
2020-10-20,Córdoba,466,466,44,2,17
2020-10-20,Granada,1035,1035,49,2,9
2020-10-20,Huelva,119,119,7,0,0
2020-10-20,Jaén,349,349,21,2,3
2020-10-20,Málaga,336,336,27,0,4
2020-10-20,Sevilla,1058,1061,57,4,10
2020-10-21,Andalucía,4533,4539,261,24,83
2020-10-21,Almería,215,215,3,0,0
2020-10-21,Cádiz,346,346,27,3,14
2020-10-21,Córdoba,513,516,32,0,11
2020-10-21,Granada,1195,1196,51,6,16
2020-10-21,Huelva,188,188,11,0,5
2020-10-21,Jaén,470,471,40,3,10
2020-10-21,Málaga,416,416,23,1,4
2020-10-21,Sevilla,1190,1191,74,11,23
2020-10-22,Andalucía,4615,4620,303,24,78
2020-10-22,Almería,261,261,18,1,3
2020-10-22,Cádiz,305,305,9,2,2
2020-10-22,Córdoba,500,500,43,1,17
2020-10-22,Granada,1181,1181,85,8,18
2020-10-22,Huelva,243,243,9,0,2
2020-10-22,Jaén,438,439,40,2,11
2020-10-22,Málaga,391,393,14,0,4
2020-10-22,Sevilla,1296,1298,85,10,21
2020-10-23,Andalucía,4676,4683,250,23,84
2020-10-23,Almería,229,232,12,1,4
2020-10-23,Cádiz,287,288,10,0,5
2020-10-23,Córdoba,475,475,32,3,9
2020-10-23,Granada,1067,1067,42,5,13
2020-10-23,Huelva,220,221,8,0,2
2020-10-23,Jaén,605,605,36,6,20
2020-10-23,Málaga,467,468,27,3,9
2020-10-23,Sevilla,1326,1327,83,5,22
2020-10-24,Andalucía,3152,3156,227,17,55
2020-10-24,Almería,116,117,5,0,2
2020-10-24,Cádiz,344,344,21,3,6
2020-10-24,Córdoba,367,367,38,2,4
2020-10-24,Granada,858,858,50,6,15
2020-10-24,Huelva,140,140,4,1,2
2020-10-24,Jaén,312,313,36,1,6
2020-10-24,Málaga,248,249,15,0,1
2020-10-24,Sevilla,767,768,58,4,19
2020-10-25,Andalucía,1665,1669,179,18,34
2020-10-25,Almería,121,121,3,2,1
2020-10-25,Cádiz,210,210,10,3,3
2020-10-25,Córdoba,149,149,23,1,4
2020-10-25,Granada,255,255,47,4,6
2020-10-25,Huelva,58,58,1,0,0
2020-10-25,Jaén,295,298,33,1,7
2020-10-25,Málaga,122,123,13,1,4
2020-10-25,Sevilla,455,455,49,6,9
2020-10-26,Andalucía,3551,3564,258,31,67
2020-10-26,Almería,149,150,5,2,1
2020-10-26,Cádiz,223,225,18,1,2
2020-10-26,Córdoba,355,356,26,5,5
2020-10-26,Granada,919,920,64,6,27
2020-10-26,Huelva,131,132,8,0,1
2020-10-26,Jaén,383,385,31,2,8
2020-10-26,Málaga,377,378,19,2,0
2020-10-26,Sevilla,1014,1018,87,13,23
2020-10-27,Andalucía,4480,4484,313,38,82
2020-10-27,Almería,231,231,10,1,5
2020-10-27,Cádiz,371,371,24,7,5
2020-10-27,Córdoba,486,487,26,2,11
2020-10-27,Granada,1069,1069,70,9,18
2020-10-27,Huelva,267,267,21,1,2
2020-10-27,Jaén,467,467,22,1,3
2020-10-27,Málaga,416,417,42,7,12
2020-10-27,Sevilla,1173,1175,98,10,26
2020-10-28,Andalucía,5016,5026,319,30,79
2020-10-28,Almería,271,271,11,2,4
2020-10-28,Cádiz,364,364,12,2,3
2020-10-28,Córdoba,589,593,36,2,6
2020-10-28,Granada,1274,1275,81,9,23
2020-10-28,Huelva,267,268,9,1,2
2020-10-28,Jaén,521,523,52,3,12
2020-10-28,Málaga,463,463,27,3,9
2020-10-28,Sevilla,1267,1269,91,8,20
2020-10-29,Andalucía,4935,4943,335,33,106
2020-10-29,Almería,216,216,11,2,1
2020-10-29,Cádiz,464,465,20,0,7
2020-10-29,Córdoba,491,495,37,3,13
2020-10-29,Granada,1204,1204,75,3,24
2020-10-29,Huelva,256,258,5,0,0
2020-10-29,Jaén,497,497,53,4,19
2020-10-29,Málaga,508,508,47,9,12
2020-10-29,Sevilla,1299,1300,87,12,30
2020-10-30,Andalucía,4949,4953,317,35,94
2020-10-30,Almería,285,286,10,1,3
2020-10-30,Cádiz,445,445,24,5,9
2020-10-30,Córdoba,455,456,40,2,7
2020-10-30,Granada,1090,1091,65,12,18
2020-10-30,Huelva,304,305,16,0,6
2020-10-30,Jaén,511,511,32,4,9
2020-10-30,Málaga,506,506,37,3,10
2020-10-30,Sevilla,1353,1353,93,8,32
2020-10-31,Andalucía,3133,3137,220,29,56
2020-10-31,Almería,210,210,14,1,2
2020-10-31,Cádiz,387,387,25,6,9
2020-10-31,Córdoba,352,353,19,2,4
2020-10-31,Granada,647,647,53,8,15
2020-10-31,Huelva,156,156,9,1,2
2020-10-31,Jaén,359,359,33,7,7
2020-10-31,Málaga,264,265,21,0,6
2020-10-31,Sevilla,758,760,46,4,11
2020-11-01,Andalucía,2090,2093,246,25,73
2020-11-01,Almería,118,118,9,3,5
2020-11-01,Cádiz,265,265,15,6,3
2020-11-01,Córdoba,246,246,26,1,4
2020-11-01,Granada,239,239,48,2,15
2020-11-01,Huelva,119,119,9,0,2
2020-11-01,Jaén,410,413,43,1,15
2020-11-01,Málaga,186,186,24,1,9
2020-11-01,Sevilla,507,507,72,11,20
2020-11-02,Andalucía,1733,1735,194,22,46
2020-11-02,Almería,163,163,14,6,6
2020-11-02,Cádiz,169,169,10,2,2
2020-11-02,Córdoba,202,203,25,0,6
2020-11-02,Granada,260,260,35,6,13
2020-11-02,Huelva,94,95,9,0,0
2020-11-02,Jaén,237,237,25,2,5
2020-11-02,Málaga,147,147,19,1,3
2020-11-02,Sevilla,461,461,57,5,11
2020-11-03,Andalucía,3902,3911,323,25,79
2020-11-03,Almería,179,179,16,4,5
2020-11-03,Cádiz,337,337,26,2,9
2020-11-03,Córdoba,366,366,30,4,6
2020-11-03,Granada,970,970,77,8,17
2020-11-03,Huelva,197,198,11,0,2
2020-11-03,Jaén,395,399,44,1,10
2020-11-03,Málaga,431,431,34,1,5
2020-11-03,Sevilla,1027,1031,85,5,25
2020-11-04,Andalucía,4757,4762,379,42,99
2020-11-04,Almería,352,352,22,5,4
2020-11-04,Cádiz,452,452,36,9,11
2020-11-04,Córdoba,485,485,35,2,12
2020-11-04,Granada,1124,1124,78,9,26
2020-11-04,Huelva,180,181,17,0,2
2020-11-04,Jaén,400,403,48,8,10
2020-11-04,Málaga,527,528,53,3,12
2020-11-04,Sevilla,1237,1237,90,6,22
2020-11-05,Andalucía,4729,4737,299,22,84
2020-11-05,Almería,231,232,11,0,4
2020-11-05,Cádiz,502,502,37,4,14
2020-11-05,Córdoba,406,409,29,1,6
2020-11-05,Granada,1044,1045,74,6,22
2020-11-05,Huelva,255,255,13,1,2
2020-11-05,Jaén,535,536,31,5,11
2020-11-05,Málaga,575,576,34,1,6
2020-11-05,Sevilla,1181,1182,70,4,19
2020-11-06,Andalucía,5018,5024,361,49,71
2020-11-06,Almería,294,295,10,1,2
2020-11-06,Cádiz,533,533,38,6,10
2020-11-06,Córdoba,400,400,38,7,9
2020-11-06,Granada,1160,1162,82,16,18
2020-11-06,Huelva,270,270,17,0,2
2020-11-06,Jaén,412,415,34,2,6
2020-11-06,Málaga,670,670,54,5,7
2020-11-06,Sevilla,1279,1279,88,12,17
2020-11-07,Andalucía,3177,3182,254,27,64
2020-11-07,Almería,299,300,15,4,3
2020-11-07,Cádiz,482,482,34,3,13
2020-11-07,Córdoba,365,366,28,6,6
2020-11-07,Granada,482,482,55,6,16
2020-11-07,Huelva,126,126,9,1,1
2020-11-07,Jaén,408,410,37,0,10
2020-11-07,Málaga,339,339,27,3,7
2020-11-07,Sevilla,676,677,49,4,8
2020-11-08,Andalucía,1892,1892,157,13,45
2020-11-08,Almería,145,145,5,1,2
2020-11-08,Cádiz,418,418,19,2,8
2020-11-08,Córdoba,194,194,18,1,5
2020-11-08,Granada,196,196,26,0,11
2020-11-08,Huelva,50,50,2,0,0
2020-11-08,Jaén,231,231,20,0,7
2020-11-08,Málaga,224,224,20,2,3
2020-11-08,Sevilla,434,434,47,7,9
2020-11-09,Andalucía,3751,3753,309,24,68
2020-11-09,Almería,221,221,12,1,6
2020-11-09,Cádiz,424,424,40,7,6
2020-11-09,Córdoba,331,331,32,2,5
2020-11-09,Granada,688,688,59,4,12
2020-11-09,Huelva,214,215,15,1,3
2020-11-09,Jaén,473,473,38,3,9
2020-11-09,Málaga,465,465,36,1,8
2020-11-09,Sevilla,935,936,77,5,19
2020-11-10,Andalucía,4360,4362,277,21,76
2020-11-10,Almería,303,303,19,2,6
2020-11-10,Cádiz,549,549,26,5,9
2020-11-10,Córdoba,395,395,35,2,10
2020-11-10,Granada,936,936,59,5,25
2020-11-10,Huelva,281,282,17,0,2
2020-11-10,Jaén,377,377,27,2,5
2020-11-10,Málaga,471,472,32,2,6
2020-11-10,Sevilla,1048,1048,62,3,13
2020-11-11,Andalucía,4416,4422,285,37,68
2020-11-11,Almería,264,265,12,3,2
2020-11-11,Cádiz,580,581,38,5,12
2020-11-11,Córdoba,323,323,29,5,6
2020-11-11,Granada,939,940,53,8,16
2020-11-11,Huelva,341,342,17,2,1
2020-11-11,Jaén,439,440,33,3,6
2020-11-11,Málaga,537,537,42,5,9
2020-11-11,Sevilla,993,994,61,6,16
2020-11-12,Andalucía,4284,4291,270,30,63
2020-11-12,Almería,352,352,12,3,1
2020-11-12,Cádiz,498,498,35,6,8
2020-11-12,Córdoba,327,327,32,3,8
2020-11-12,Granada,814,815,62,9,19
2020-11-12,Huelva,266,267,6,1,1
2020-11-12,Jaén,464,467,37,2,9
2020-11-12,Málaga,526,527,32,0,5
2020-11-12,Sevilla,1037,1038,54,6,12
2020-11-13,Andalucía,4169,4175,263,25,62
2020-11-13,Almería,327,327,11,1,2
2020-11-13,Cádiz,666,666,40,5,5
2020-11-13,Córdoba,262,263,22,4,5
2020-11-13,Granada,809,809,52,4,15
2020-11-13,Huelva,229,230,15,0,3
2020-11-13,Jaén,481,481,37,0,10
2020-11-13,Málaga,474,474,25,1,3
2020-11-13,Sevilla,921,925,61,10,19
2020-11-14,Andalucía,2308,2311,173,17,29
2020-11-14,Almería,203,203,13,5,2
2020-11-14,Cádiz,476,476,24,0,2
2020-11-14,Córdoba,179,179,16,1,2
2020-11-14,Granada,367,367,37,4,5
2020-11-14,Huelva,113,114,11,0,1
2020-11-14,Jaén,233,235,16,2,5
2020-11-14,Málaga,282,282,31,3,5
2020-11-14,Sevilla,455,455,25,2,7
2020-11-15,Andalucía,1362,1364,102,7,20
2020-11-15,Almería,113,113,4,1,1
2020-11-15,Cádiz,319,319,12,0,2
2020-11-15,Córdoba,104,104,14,1,6
2020-11-15,Granada,134,134,21,3,3
2020-11-15,Huelva,34,34,1,0,1
2020-11-15,Jaén,128,129,10,0,2
2020-11-15,Málaga,206,207,20,0,3
2020-11-15,Sevilla,324,324,20,2,2
2020-11-16,Andalucía,2460,2465,224,28,43
2020-11-16,Almería,172,172,12,4,1
2020-11-16,Cádiz,406,408,27,5,5
2020-11-16,Córdoba,195,195,24,4,5
2020-11-16,Granada,448,448,45,4,12
2020-11-16,Huelva,120,121,14,1,0
2020-11-16,Jaén,204,206,37,2,8
2020-11-16,Málaga,282,282,22,1,7
2020-11-16,Sevilla,633,633,43,7,5
2020-11-17,Andalucía,3379,3384,223,19,37
2020-11-17,Almería,259,259,21,4,3
2020-11-17,Cádiz,495,496,34,1,4
2020-11-17,Córdoba,262,264,17,3,3
2020-11-17,Granada,603,603,44,3,8
2020-11-17,Huelva,254,254,13,3,1
2020-11-17,Jaén,342,343,19,0,2
2020-11-17,Málaga,383,383,25,1,7
2020-11-17,Sevilla,781,782,50,4,9
2020-11-18,Andalucía,3205,3211,212,25,43
2020-11-18,Almería,283,283,13,4,7
2020-11-18,Cádiz,526,526,35,3,5
2020-11-18,Córdoba,226,226,19,0,6
2020-11-18,Granada,487,487,35,4,8
2020-11-18,Huelva,252,253,19,1,1
2020-11-18,Jaén,357,359,21,2,2
2020-11-18,Málaga,389,390,35,6,8
2020-11-18,Sevilla,685,687,35,5,6
2020-11-19,Andalucía,2917,2924,177,12,34
2020-11-19,Almería,262,262,9,2,3
2020-11-19,Cádiz,492,493,19,3,1
2020-11-19,Córdoba,223,224,18,1,4
2020-11-19,Granada,470,471,32,1,8
2020-11-19,Huelva,200,202,13,0,1
2020-11-19,Jaén,239,240,17,0,5
2020-11-19,Málaga,365,365,32,3,10
2020-11-19,Sevilla,666,667,37,2,2
2020-11-20,Andalucía,2741,2744,165,15,39
2020-11-20,Almería,192,192,11,2,2
2020-11-20,Cádiz,435,435,25,2,2
2020-11-20,Córdoba,197,197,20,4,7
2020-11-20,Granada,503,504,23,2,8
2020-11-20,Huelva,195,195,8,1,1
2020-11-20,Jaén,334,335,25,0,2
2020-11-20,Málaga,393,393,32,2,13
2020-11-20,Sevilla,492,493,21,2,4
2020-11-21,Andalucía,1597,1600,117,11,24
2020-11-21,Almería,184,184,11,4,1
2020-11-21,Cádiz,410,411,14,0,3
2020-11-21,Córdoba,119,120,12,1,1
2020-11-21,Granada,100,100,19,2,3
2020-11-21,Huelva,112,112,7,0,1
2020-11-21,Jaén,162,162,9,1,1
2020-11-21,Málaga,201,201,21,0,8
2020-11-21,Sevilla,309,310,24,3,6
2020-11-22,Andalucía,794,796,100,8,22
2020-11-22,Almería,71,71,9,2,3
2020-11-22,Cádiz,228,228,25,1,6
2020-11-22,Córdoba,51,51,2,1,1
2020-11-22,Granada,59,59,14,2,2
2020-11-22,Huelva,37,37,5,0,1
2020-11-22,Jaén,104,105,11,0,2
2020-11-22,Málaga,101,102,13,1,5
2020-11-22,Sevilla,143,143,21,1,2
2020-11-23,Andalucía,1469,1470,130,16,28
2020-11-23,Almería,124,124,13,5,2
2020-11-23,Cádiz,249,249,24,3,2
2020-11-23,Córdoba,111,111,7,0,1
2020-11-23,Granada,294,294,32,1,11
2020-11-23,Huelva,74,74,5,0,1
2020-11-23,Jaén,129,130,7,1,2
2020-11-23,Málaga,212,212,20,4,5
2020-11-23,Sevilla,276,276,22,2,4
2020-11-24,Andalucía,2140,2147,143,16,29
2020-11-24,Almería,201,202,13,4,3
2020-11-24,Cádiz,410,410,22,4,5
2020-11-24,Córdoba,173,173,11,2,2
2020-11-24,Granada,314,314,24,2,4
2020-11-24,Huelva,180,184,11,0,0
2020-11-24,Jaén,244,246,23,1,1
2020-11-24,Málaga,285,285,17,1,7
2020-11-24,Sevilla,333,333,22,2,7
2020-11-25,Andalucía,1852,1855,147,13,35
2020-11-25,Almería,171,171,20,0,3
2020-11-25,Cádiz,376,376,23,2,4
2020-11-25,Córdoba,191,191,21,1,12
2020-11-25,Granada,279,279,18,4,3
2020-11-25,Huelva,165,165,20,1,1
2020-11-25,Jaén,138,140,15,3,5
2020-11-25,Málaga,236,236,17,1,2
2020-11-25,Sevilla,296,297,13,1,5
2020-11-26,Andalucía,1749,1752,128,9,23
2020-11-26,Almería,188,188,19,2,1
2020-11-26,Cádiz,394,394,19,2,4
2020-11-26,Córdoba,109,109,9,1,0
2020-11-26,Granada,202,202,26,1,4
2020-11-26,Huelva,131,132,4,0,0
2020-11-26,Jaén,156,157,13,1,3
2020-11-26,Málaga,252,253,23,1,7
2020-11-26,Sevilla,317,317,15,1,4
2020-11-27,Andalucía,1836,1840,120,15,26
2020-11-27,Almería,166,166,12,1,2
2020-11-27,Cádiz,348,348,20,2,3
2020-11-27,Córdoba,191,191,12,2,4
2020-11-27,Granada,205,205,15,3,4
2020-11-27,Huelva,147,147,11,1,1
2020-11-27,Jaén,153,154,4,0,2
2020-11-27,Málaga,354,357,22,1,3
2020-11-27,Sevilla,272,272,24,5,7
2020-11-28,Andalucía,945,945,76,6,24
2020-11-28,Almería,155,155,9,1,7
2020-11-28,Cádiz,248,248,14,0,2
2020-11-28,Córdoba,84,84,5,0,3
2020-11-28,Granada,41,41,7,0,1
2020-11-28,Huelva,55,55,6,1,0
2020-11-28,Jaén,109,109,12,1,6
2020-11-28,Málaga,127,127,9,1,3
2020-11-28,Sevilla,126,126,14,2,2
2020-11-29,Andalucía,464,467,69,12,16
2020-11-29,Almería,42,42,13,3,4
2020-11-29,Cádiz,101,101,9,0,1
2020-11-29,Córdoba,51,51,6,2,4
2020-11-29,Granada,44,44,13,4,4
2020-11-29,Huelva,23,23,1,0,0
2020-11-29,Jaén,53,55,11,1,1
2020-11-29,Málaga,85,86,9,1,1
2020-11-29,Sevilla,65,65,7,1,1
2020-11-30,Andalucía,977,984,77,7,18
2020-11-30,Almería,65,65,7,1,1
2020-11-30,Cádiz,134,134,6,0,3
2020-11-30,Córdoba,90,90,5,1,1
2020-11-30,Granada,161,161,10,2,1
2020-11-30,Huelva,64,66,5,0,1
2020-11-30,Jaén,107,109,21,1,6
2020-11-30,Málaga,148,150,6,0,1
2020-11-30,Sevilla,208,209,17,2,4
2020-12-01,Andalucía,1436,1437,105,13,23
2020-12-01,Almería,161,161,18,2,7
2020-12-01,Cádiz,286,286,17,1,1
2020-12-01,Córdoba,140,140,9,0,3
2020-12-01,Granada,152,152,14,3,3
2020-12-01,Huelva,98,98,4,1,1
2020-12-01,Jaén,186,187,12,2,3
2020-12-01,Málaga,179,179,14,3,3
2020-12-01,Sevilla,234,234,17,1,2
2020-12-02,Andalucía,1332,1335,87,7,19
2020-12-02,Almería,117,117,6,0,0
2020-12-02,Cádiz,268,268,9,1,5
2020-12-02,Córdoba,105,106,7,2,2
2020-12-02,Granada,135,136,14,0,4
2020-12-02,Huelva,138,138,9,0,0
2020-12-02,Jaén,129,130,12,1,3
2020-12-02,Málaga,207,207,12,1,0
2020-12-02,Sevilla,233,233,18,2,5
2020-12-03,Andalucía,1180,1185,75,3,13
2020-12-03,Almería,122,122,6,0,1
2020-12-03,Cádiz,209,209,16,3,5
2020-12-03,Córdoba,135,135,2,0,0
2020-12-03,Granada,116,116,7,0,1
2020-12-03,Huelva,105,106,7,0,1
2020-12-03,Jaén,116,119,14,0,3
2020-12-03,Málaga,199,199,13,0,2
2020-12-03,Sevilla,178,179,10,0,0
2020-12-04,Andalucía,1231,1234,61,10,17
2020-12-04,Almería,75,75,6,2,4
2020-12-04,Cádiz,259,260,8,4,1
2020-12-04,Córdoba,127,127,5,0,3
2020-12-04,Granada,133,133,9,0,4
2020-12-04,Huelva,117,119,7,0,2
2020-12-04,Jaén,150,150,4,0,0
2020-12-04,Málaga,194,194,9,1,2
2020-12-04,Sevilla,176,176,13,3,1
2020-12-05,Andalucía,779,779,62,6,12
2020-12-05,Almería,140,140,15,3,3
2020-12-05,Cádiz,178,178,13,1,1
2020-12-05,Córdoba,75,75,12,1,2
2020-12-05,Granada,27,27,2,0,1
2020-12-05,Huelva,45,45,4,0,3
2020-12-05,Jaén,61,61,7,1,1
2020-12-05,Málaga,122,122,3,0,0
2020-12-05,Sevilla,131,131,6,0,1
2020-12-06,Andalucía,418,419,44,7,10
2020-12-06,Almería,62,62,2,0,1
2020-12-06,Cádiz,118,118,11,3,2
2020-12-06,Córdoba,45,45,4,0,0
2020-12-06,Granada,22,22,8,2,2
2020-12-06,Huelva,33,33,1,0,1
2020-12-06,Jaén,58,59,5,0,0
2020-12-06,Málaga,33,33,6,1,1
2020-12-06,Sevilla,47,47,7,1,3
2020-12-07,Andalucía,460,460,52,5,14
2020-12-07,Almería,51,51,2,0,0
2020-12-07,Cádiz,75,75,5,0,0
2020-12-07,Córdoba,58,58,5,0,2
2020-12-07,Granada,31,31,9,3,3
2020-12-07,Huelva,38,38,6,0,1
2020-12-07,Jaén,83,83,11,2,4
2020-12-07,Málaga,55,55,7,0,1
2020-12-07,Sevilla,69,69,7,0,3
2020-12-08,Andalucía,393,397,52,4,11
2020-12-08,Almería,42,42,2,1,0
2020-12-08,Cádiz,57,58,4,0,2
2020-12-08,Córdoba,61,62,8,2,2
2020-12-08,Granada,30,30,5,0,0
2020-12-08,Huelva,28,28,7,0,1
2020-12-08,Jaén,42,43,5,0,0
2020-12-08,Málaga,58,58,7,1,1
2020-12-08,Sevilla,75,76,14,0,5
2020-12-09,Andalucía,884,886,79,7,15
2020-12-09,Almería,75,75,16,4,3
2020-12-09,Cádiz,149,149,7,0,1
2020-12-09,Córdoba,75,75,3,0,1
2020-12-09,Granada,113,113,12,1,1
2020-12-09,Huelva,61,61,6,0,0
2020-12-09,Jaén,125,127,12,0,5
2020-12-09,Málaga,102,102,8,0,2
2020-12-09,Sevilla,184,184,15,2,2
2020-12-10,Andalucía,1286,1287,77,7,19
2020-12-10,Almería,153,153,7,2,0
2020-12-10,Cádiz,234,234,6,0,3
2020-12-10,Córdoba,94,94,3,0,1
2020-12-10,Granada,131,131,16,2,2
2020-12-10,Huelva,125,125,6,0,1
2020-12-10,Jaén,118,118,11,2,5
2020-12-10,Málaga,213,213,10,0,1
2020-12-10,Sevilla,218,219,18,1,6
2020-12-11,Andalucía,1350,1353,118,10,28
2020-12-11,Almería,123,123,9,0,3
2020-12-11,Cádiz,226,226,13,2,3
2020-12-11,Córdoba,168,170,16,0,7
2020-12-11,Granada,129,129,17,1,5
2020-12-11,Huelva,107,107,5,0,1
2020-12-11,Jaén,202,202,19,2,2
2020-12-11,Málaga,198,198,20,1,2
2020-12-11,Sevilla,197,198,19,4,5
2020-12-12,Andalucía,825,828,56,7,16
2020-12-12,Almería,127,127,9,2,3
2020-12-12,Cádiz,184,184,6,0,3
2020-12-12,Córdoba,84,85,8,2,4
2020-12-12,Granada,58,58,11,1,4
2020-12-12,Huelva,60,60,1,1,1
2020-12-12,Jaén,81,82,7,0,0
2020-12-12,Málaga,102,103,6,0,0
2020-12-12,Sevilla,129,129,8,1,1
2020-12-13,Andalucía,414,415,52,8,10
2020-12-13,Almería,62,62,9,1,1
2020-12-13,Cádiz,60,60,6,2,2
2020-12-13,Córdoba,28,28,1,1,0
2020-12-13,Granada,39,39,7,2,2
2020-12-13,Huelva,38,38,3,0,0
2020-12-13,Jaén,60,61,10,2,4
2020-12-13,Málaga,69,69,11,0,0
2020-12-13,Sevilla,58,58,5,0,1
2020-12-14,Andalucía,910,915,62,5,21
2020-12-14,Almería,46,46,3,1,0
2020-12-14,Cádiz,166,166,4,0,1
2020-12-14,Córdoba,119,119,7,0,13
2020-12-14,Granada,118,119,8,1,1
2020-12-14,Huelva,52,53,3,0,0
2020-12-14,Jaén,113,113,12,1,2
2020-12-14,Málaga,156,158,13,1,3
2020-12-14,Sevilla,140,141,12,1,1
2020-12-15,Andalucía,1339,1340,97,10,23
2020-12-15,Almería,162,162,17,0,3
2020-12-15,Cádiz,216,216,12,3,3
2020-12-15,Córdoba,93,93,6,0,2
2020-12-15,Granada,141,141,17,3,5
2020-12-15,Huelva,77,77,3,0,1
2020-12-15,Jaén,162,162,14,1,5
2020-12-15,Málaga,269,269,12,2,2
2020-12-15,Sevilla,219,220,16,1,2
2020-12-16,Andalucía,1169,1172,60,8,9
2020-12-16,Almería,109,109,6,0,0
2020-12-16,Cádiz,214,215,9,2,2
2020-12-16,Córdoba,77,77,2,0,0
2020-12-16,Granada,154,154,13,2,4
2020-12-16,Huelva,100,101,4,0,1
2020-12-16,Jaén,141,142,11,2,1
2020-12-16,Málaga,217,217,7,0,0
2020-12-16,Sevilla,157,157,8,2,1
2020-12-17,Andalucía,1108,1108,67,7,14
2020-12-17,Almería,138,138,3,0,0
2020-12-17,Cádiz,171,171,7,2,1
2020-12-17,Córdoba,106,106,4,1,5
2020-12-17,Granada,125,125,17,2,2
2020-12-17,Huelva,59,59,4,0,0
2020-12-17,Jaén,144,144,15,1,2
2020-12-17,Málaga,186,186,3,0,2
2020-12-17,Sevilla,179,179,14,1,2
2020-12-18,Andalucía,1177,1179,64,7,11
2020-12-18,Almería,153,153,10,2,3
2020-12-18,Cádiz,188,188,3,1,0
2020-12-18,Córdoba,82,82,5,1,0
2020-12-18,Granada,209,210,17,1,5
2020-12-18,Huelva,64,64,3,0,0
2020-12-18,Jaén,134,135,9,0,1
2020-12-18,Málaga,198,198,8,0,1
2020-12-18,Sevilla,149,149,9,2,1
2020-12-19,Andalucía,679,679,45,2,6
2020-12-19,Almería,99,99,3,0,0
2020-12-19,Cádiz,145,145,4,0,0
2020-12-19,Córdoba,53,53,5,2,0
2020-12-19,Granada,50,50,5,0,2
2020-12-19,Huelva,30,30,3,0,1
2020-12-19,Jaén,78,78,6,0,0
2020-12-19,Málaga,125,125,16,0,2
2020-12-19,Sevilla,99,99,3,0,1
2020-12-20,Andalucía,332,332,38,2,12
2020-12-20,Almería,46,46,2,0,0
2020-12-20,Cádiz,81,81,7,1,2
2020-12-20,Córdoba,37,37,5,0,2
2020-12-20,Granada,28,28,6,0,3
2020-12-20,Huelva,13,13,2,0,1
2020-12-20,Jaén,34,34,3,0,1
2020-12-20,Málaga,45,45,7,1,2
2020-12-20,Sevilla,48,48,6,0,1
2020-12-21,Andalucía,908,910,62,12,17
2020-12-21,Almería,114,114,9,3,2
2020-12-21,Cádiz,149,149,5,1,1
2020-12-21,Córdoba,108,108,9,0,4
2020-12-21,Granada,126,127,14,5,5
2020-12-21,Huelva,30,30,1,0,1
2020-12-21,Jaén,95,95,6,0,2
2020-12-21,Málaga,157,157,12,2,1
2020-12-21,Sevilla,129,130,6,1,1
2020-12-22,Andalucía,1151,1155,77,4,26
2020-12-22,Almería,111,111,8,1,5
2020-12-22,Cádiz,215,215,12,1,2
2020-12-22,Córdoba,104,104,6,0,0
2020-12-22,Granada,141,142,13,1,7
2020-12-22,Huelva,65,65,4,0,2
2020-12-22,Jaén,108,108,7,0,4
2020-12-22,Málaga,207,209,11,0,2
2020-12-22,Sevilla,200,201,16,1,4
2020-12-23,Andalucía,1309,1309,76,4,13
2020-12-23,Almería,122,122,10,0,2
2020-12-23,Cádiz,265,265,6,0,1
2020-12-23,Córdoba,98,98,8,0,3
2020-12-23,Granada,150,150,9,1,5
2020-12-23,Huelva,74,74,4,0,0
2020-12-23,Jaén,120,120,4,0,0
2020-12-23,Málaga,258,258,19,0,1
2020-12-23,Sevilla,222,222,16,3,1
2020-12-24,Andalucía,931,933,55,6,13
2020-12-24,Almería,87,87,6,0,1
2020-12-24,Cádiz,181,181,3,1,3
2020-12-24,Córdoba,83,84,10,1,1
2020-12-24,Granada,56,56,6,1,2
2020-12-24,Huelva,36,37,2,0,0
2020-12-24,Jaén,100,100,5,1,1
2020-12-24,Málaga,189,189,11,1,3
2020-12-24,Sevilla,199,199,12,1,2
2020-12-25,Andalucía,435,435,37,5,9
2020-12-25,Almería,76,76,5,1,1
2020-12-25,Cádiz,59,59,3,0,1
2020-12-25,Córdoba,47,47,6,0,2
2020-12-25,Granada,23,23,4,0,1
2020-12-25,Huelva,27,27,1,0,0
2020-12-25,Jaén,63,63,4,1,1
2020-12-25,Málaga,87,87,5,0,1
2020-12-25,Sevilla,53,53,9,3,2
2020-12-26,Andalucía,573,573,40,1,4
2020-12-26,Almería,59,59,7,1,1
2020-12-26,Cádiz,138,138,8,0,0
2020-12-26,Córdoba,44,44,4,0,1
2020-12-26,Granada,56,56,2,0,1
2020-12-26,Huelva,14,14,1,0,0
2020-12-26,Jaén,60,60,4,0,0
2020-12-26,Málaga,95,95,7,0,0
2020-12-26,Sevilla,107,107,7,0,1
2020-12-27,Andalucía,545,545,43,4,11
2020-12-27,Almería,65,65,4,0,2
2020-12-27,Cádiz,133,133,6,0,1
2020-12-27,Córdoba,34,34,5,0,1
2020-12-27,Granada,53,53,12,2,1
2020-12-27,Huelva,24,24,0,0,0
2020-12-27,Jaén,82,82,8,0,2
2020-12-27,Málaga,74,74,5,1,2
2020-12-27,Sevilla,80,80,3,1,2
2020-12-28,Andalucía,1223,1224,72,8,17
2020-12-28,Almería,115,115,7,1,2
2020-12-28,Cádiz,291,291,9,2,4
2020-12-28,Córdoba,100,100,10,0,3
2020-12-28,Granada,129,130,13,4,3
2020-12-28,Huelva,72,72,5,0,0
2020-12-28,Jaén,106,106,7,0,1
2020-12-28,Málaga,245,245,15,1,3
2020-12-28,Sevilla,165,165,6,0,1
2020-12-29,Andalucía,1729,1730,97,8,19
2020-12-29,Almería,130,130,2,0,0
2020-12-29,Cádiz,376,376,9,1,1
2020-12-29,Córdoba,128,128,11,1,1
2020-12-29,Granada,174,174,22,2,5
2020-12-29,Huelva,97,97,8,0,2
2020-12-29,Jaén,189,190,17,2,2
2020-12-29,Málaga,366,366,18,1,4
2020-12-29,Sevilla,269,269,10,1,4
2020-12-30,Andalucía,1952,1956,112,10,25
2020-12-30,Almería,187,187,12,3,2
2020-12-30,Cádiz,418,418,17,1,6
2020-12-30,Córdoba,131,133,6,0,1
2020-12-30,Granada,236,236,30,2,9
2020-12-30,Huelva,82,82,2,0,0
2020-12-30,Jaén,166,166,9,1,1
2020-12-30,Málaga,425,426,16,0,0
2020-12-30,Sevilla,307,308,20,3,6
2020-12-31,Andalucía,1725,1726,83,10,15
2020-12-31,Almería,208,208,9,1,2
2020-12-31,Cádiz,332,332,10,3,1
2020-12-31,Córdoba,186,186,11,1,2
2020-12-31,Granada,118,118,9,1,3
2020-12-31,Huelva,131,131,5,0,0
2020-12-31,Jaén,147,147,6,1,1
2020-12-31,Málaga,308,309,19,0,4
2020-12-31,Sevilla,295,295,14,3,2
2021-01-01,Andalucía,782,783,66,10,15
2021-01-01,Almería,107,107,9,2,2
2021-01-01,Cádiz,125,125,2,0,1
2021-01-01,Córdoba,83,84,4,1,1
2021-01-01,Granada,73,73,10,2,4
2021-01-01,Huelva,69,69,5,0,0
2021-01-01,Jaén,55,55,8,0,0
2021-01-01,Málaga,182,182,18,2,5
2021-01-01,Sevilla,88,88,10,3,2
2021-01-02,Andalucía,1057,1061,80,6,12
2021-01-02,Almería,69,71,8,1,1
2021-01-02,Cádiz,272,272,9,1,3
2021-01-02,Córdoba,91,92,7,1,0
2021-01-02,Granada,80,80,8,1,3
2021-01-02,Huelva,25,26,1,0,0
2021-01-02,Jaén,129,129,1,0,0
2021-01-02,Málaga,203,203,28,2,2
2021-01-02,Sevilla,188,188,18,0,3
2021-01-03,Andalucía,1070,1071,80,6,14
2021-01-03,Almería,130,130,10,0,1
2021-01-03,Cádiz,324,324,11,2,4
2021-01-03,Córdoba,99,99,10,1,1
2021-01-03,Granada,87,87,10,2,1
2021-01-03,Huelva,33,34,2,0,0
2021-01-03,Jaén,113,113,13,0,2
2021-01-03,Málaga,166,166,15,0,4
2021-01-03,Sevilla,118,118,9,1,1
2021-01-04,Andalucía,2345,2349,142,13,33
2021-01-04,Almería,227,227,14,3,5
2021-01-04,Cádiz,436,436,18,2,8
2021-01-04,Córdoba,221,221,18,4,2
2021-01-04,Granada,303,303,23,1,5
2021-01-04,Huelva,96,98,2,0,0
2021-01-04,Jaén,167,168,12,0,1
2021-01-04,Málaga,454,454,36,1,10
2021-01-04,Sevilla,441,442,19,2,2
2021-01-05,Andalucía,3315,3324,148,17,26
2021-01-05,Almería,347,348,12,3,5
2021-01-05,Cádiz,610,610,15,3,6
2021-01-05,Córdoba,278,278,19,3,5
2021-01-05,Granada,372,373,25,0,3
2021-01-05,Huelva,132,137,6,0,0
2021-01-05,Jaén,351,352,19,2,2
2021-01-05,Málaga,763,764,35,3,3
2021-01-05,Sevilla,462,462,17,3,2
2021-01-06,Andalucía,1874,1878,141,12,32
2021-01-06,Almería,301,301,19,4,5
2021-01-06,Cádiz,282,282,14,2,9
2021-01-06,Córdoba,190,190,10,2,0
2021-01-06,Granada,180,180,22,2,2
2021-01-06,Huelva,56,56,5,0,2
2021-01-06,Jaén,180,181,17,1,1
2021-01-06,Málaga,458,461,40,1,9
2021-01-06,Sevilla,227,227,14,0,4
2021-01-07,Andalucía,3147,3152,178,13,37
2021-01-07,Almería,271,274,15,3,2
2021-01-07,Cádiz,531,531,19,0,12
2021-01-07,Córdoba,243,243,13,3,1
2021-01-07,Granada,376,376,27,1,7
2021-01-07,Huelva,181,181,4,0,1
2021-01-07,Jaén,231,232,16,3,2
2021-01-07,Málaga,695,696,45,2,9
2021-01-07,Sevilla,619,619,39,1,3
2021-01-08,Andalucía,4321,4327,202,11,54
2021-01-08,Almería,446,448,23,3,3
2021-01-08,Cádiz,798,798,23,1,33
2021-01-08,Córdoba,429,429,19,2,3
2021-01-08,Granada,519,519,34,1,3
2021-01-08,Huelva,283,283,9,1,1
2021-01-08,Jaén,374,375,19,0,1
2021-01-08,Málaga,863,864,43,1,5
2021-01-08,Sevilla,609,611,32,2,5
2021-01-09,Andalucía,3191,3192,158,17,32
2021-01-09,Almería,470,470,18,3,5
2021-01-09,Cádiz,621,621,13,0,4
2021-01-09,Córdoba,274,274,19,5,2
2021-01-09,Granada,188,188,19,2,4
2021-01-09,Huelva,177,177,6,0,1
2021-01-09,Jaén,209,209,15,2,2
2021-01-09,Málaga,617,617,42,3,10
2021-01-09,Sevilla,635,636,26,2,4
2021-01-10,Andalucía,2080,2081,134,11,24
2021-01-10,Almería,295,295,15,0,2
2021-01-10,Cádiz,377,377,8,2,5
2021-01-10,Córdoba,234,234,13,2,1
2021-01-10,Granada,158,158,21,1,6
2021-01-10,Huelva,80,80,2,0,1
2021-01-10,Jaén,180,180,14,0,1
2021-01-10,Málaga,450,451,43,3,5
2021-01-10,Sevilla,306,306,18,3,3
2021-01-11,Andalucía,4892,4901,255,23,53
2021-01-11,Almería,400,400,26,3,4
2021-01-11,Cádiz,907,908,35,2,15
2021-01-11,Córdoba,413,414,14,1,2
2021-01-11,Granada,589,589,36,3,6
2021-01-11,Huelva,342,345,13,0,0
2021-01-11,Jaén,377,377,18,4,2
2021-01-11,Málaga,1083,1085,66,5,17
2021-01-11,Sevilla,781,783,47,5,7
2021-01-12,Andalucía,6186,6188,267,14,53
2021-01-12,Almería,682,682,35,4,9
2021-01-12,Cádiz,1067,1067,34,0,12
2021-01-12,Córdoba,476,476,13,3,1
2021-01-12,Granada,666,666,32,2,8
2021-01-12,Huelva,480,480,14,0,5
2021-01-12,Jaén,452,452,24,0,5
2021-01-12,Málaga,1339,1340,72,2,5
2021-01-12,Sevilla,1024,1025,43,3,8
2021-01-13,Andalucía,6352,6362,278,20,83
2021-01-13,Almería,668,668,31,4,6
2021-01-13,Cádiz,1111,1111,32,2,32
2021-01-13,Córdoba,586,586,24,5,4
2021-01-13,Granada,621,621,39,3,9
2021-01-13,Huelva,439,441,16,0,2
2021-01-13,Jaén,462,465,32,1,11
2021-01-13,Málaga,1354,1356,52,1,12
2021-01-13,Sevilla,1111,1114,52,4,7
2021-01-14,Andalucía,6496,6504,286,23,67
2021-01-14,Almería,699,699,28,3,7
2021-01-14,Cádiz,1096,1098,33,3,20
2021-01-14,Córdoba,566,566,30,7,6
2021-01-14,Granada,660,660,38,4,10
2021-01-14,Huelva,426,426,9,0,3
2021-01-14,Jaén,507,507,23,0,1
2021-01-14,Málaga,1359,1359,66,1,16
2021-01-14,Sevilla,1183,1189,59,5,4
2021-01-15,Andalucía,7482,7489,308,25,51
2021-01-15,Almería,719,719,28,5,9
2021-01-15,Cádiz,1235,1236,22,2,9
2021-01-15,Córdoba,629,629,39,9,6
2021-01-15,Granada,802,802,21,2,4
2021-01-15,Huelva,494,496,15,0,4
2021-01-15,Jaén,572,573,26,0,3
2021-01-15,Málaga,1590,1591,88,1,10
2021-01-15,Sevilla,1441,1443,69,6,6
2021-01-16,Andalucía,4178,4185,202,19,35
2021-01-16,Almería,590,590,27,1,6
2021-01-16,Cádiz,853,853,21,2,6
2021-01-16,Córdoba,357,357,25,5,3
2021-01-16,Granada,267,267,10,0,3
2021-01-16,Huelva,301,302,11,0,3
2021-01-16,Jaén,290,290,10,3,2
2021-01-16,Málaga,811,813,53,4,6
2021-01-16,Sevilla,709,713,45,4,6
2021-01-17,Andalucía,3149,3157,176,14,25
2021-01-17,Almería,495,495,18,3,2
2021-01-17,Cádiz,565,565,14,0,5
2021-01-17,Córdoba,395,395,24,4,1
2021-01-17,Granada,168,168,12,4,3
2021-01-17,Huelva,161,163,4,0,1
2021-01-17,Jaén,172,172,16,1,2
2021-01-17,Málaga,699,699,52,1,7
2021-01-17,Sevilla,494,500,36,1,4
2021-01-18,Andalucía,6083,6097,296,19,45
2021-01-18,Almería,585,586,34,4,8
2021-01-18,Cádiz,935,935,28,2,15
2021-01-18,Córdoba,638,640,36,4,4
2021-01-18,Granada,749,749,36,1,4
2021-01-18,Huelva,411,414,12,0,1
2021-01-18,Jaén,411,413,25,3,1
2021-01-18,Málaga,1191,1194,66,2,8
2021-01-18,Sevilla,1163,1166,59,3,4
2021-01-19,Andalucía,7369,7383,295,18,47
2021-01-19,Almería,751,751,31,6,6
2021-01-19,Cádiz,1183,1183,23,2,8
2021-01-19,Córdoba,662,662,28,3,1
2021-01-19,Granada,872,873,33,1,9
2021-01-19,Huelva,490,492,9,0,1
2021-01-19,Jaén,607,607,24,1,0
2021-01-19,Málaga,1600,1605,77,5,12
2021-01-19,Sevilla,1204,1210,70,0,10
2021-01-20,Andalucía,7365,7371,273,14,38
2021-01-20,Almería,753,753,32,5,3
2021-01-20,Cádiz,1157,1159,27,1,7
2021-01-20,Córdoba,614,614,29,5,7
2021-01-20,Granada,885,885,34,1,6
2021-01-20,Huelva,548,548,5,0,0
2021-01-20,Jaén,438,438,16,0,2
2021-01-20,Málaga,1584,1585,78,1,9
2021-01-20,Sevilla,1386,1389,52,1,4
2021-01-21,Andalucía,7565,7575,278,15,36
2021-01-21,Almería,978,978,37,6,8
2021-01-21,Cádiz,1116,1118,23,1,7
2021-01-21,Córdoba,655,656,28,2,3
2021-01-21,Granada,792,792,13,0,2
2021-01-21,Huelva,546,547,13,0,0
2021-01-21,Jaén,480,480,30,4,3
2021-01-21,Málaga,1659,1660,80,2,8
2021-01-21,Sevilla,1339,1344,54,0,5
2021-01-22,Andalucía,8475,8490,219,5,18
2021-01-22,Almería,870,870,34,1,3
2021-01-22,Cádiz,1249,1249,17,1,7
2021-01-22,Córdoba,828,829,23,1,2
2021-01-22,Granada,869,869,21,0,1
2021-01-22,Huelva,615,615,5,0,0
2021-01-22,Jaén,568,569,18,0,1
2021-01-22,Málaga,1824,1825,68,0,3
2021-01-22,Sevilla,1652,1664,33,2,1
2021-01-23,Andalucía,5049,5057,176,9,12
2021-01-23,Almería,545,545,19,4,2
2021-01-23,Cádiz,881,881,15,2,4
2021-01-23,Córdoba,419,419,29,3,2
2021-01-23,Granada,328,328,9,0,0
2021-01-23,Huelva,397,397,10,0,0
2021-01-23,Jaén,292,292,10,0,1
2021-01-23,Málaga,1139,1142,54,0,1
2021-01-23,Sevilla,1048,1053,30,0,2
2021-01-24,Andalucía,3365,3366,138,6,11
2021-01-24,Almería,448,448,17,1,2
2021-01-24,Cádiz,797,797,15,0,1
2021-01-24,Córdoba,360,360,14,1,1
2021-01-24,Granada,238,238,15,3,0
2021-01-24,Huelva,171,171,6,0,0
2021-01-24,Jaén,182,182,8,0,0
2021-01-24,Málaga,733,733,38,0,6
2021-01-24,Sevilla,436,437,25,1,1
2021-01-25,Andalucía,5801,5821,190,8,13
2021-01-25,Almería,597,597,11,3,0
2021-01-25,Cádiz,888,888,11,0,1
2021-01-25,Córdoba,501,502,25,2,2
2021-01-25,Granada,753,753,26,2,2
2021-01-25,Huelva,413,420,6,0,1
2021-01-25,Jaén,351,351,6,0,1
2021-01-25,Málaga,1208,1211,66,0,4
2021-01-25,Sevilla,1090,1099,39,1,2
2021-01-26,Andalucía,6767,6771,211,7,12
2021-01-26,Almería,664,664,22,0,3
2021-01-26,Cádiz,1062,1062,20,0,2
2021-01-26,Córdoba,575,577,17,2,0
2021-01-26,Granada,895,896,21,1,1
2021-01-26,Huelva,548,548,13,0,0
2021-01-26,Jaén,364,364,20,0,3
2021-01-26,Málaga,1378,1379,70,0,3
2021-01-26,Sevilla,1281,1281,28,4,0
2021-01-27,Andalucía,6724,6730,126,3,9
2021-01-27,Almería,699,699,21,2,1
2021-01-27,Cádiz,983,983,10,0,3
2021-01-27,Córdoba,534,536,11,0,1
2021-01-27,Granada,826,826,7,0,0
2021-01-27,Huelva,442,442,6,0,0
2021-01-27,Jaén,416,416,8,1,1
2021-01-27,Málaga,1517,1519,40,0,1
2021-01-27,Sevilla,1307,1309,23,0,2
2021-01-28,Andalucía,6456,6459,107,2,1
2021-01-28,Almería,604,604,19,1,1
2021-01-28,Cádiz,938,938,13,0,0
2021-01-28,Córdoba,516,517,11,1,0
2021-01-28,Granada,718,718,5,0,0
2021-01-28,Huelva,445,446,10,0,0
2021-01-28,Jaén,531,532,6,0,0
2021-01-28,Málaga,1303,1303,24,0,0
2021-01-28,Sevilla,1401,1401,19,0,0
2021-01-29,Andalucía,5570,5580,78,0,3
2021-01-29,Almería,653,653,9,0,1
2021-01-29,Cádiz,976,976,8,0,0
2021-01-29,Córdoba,395,395,10,0,0
2021-01-29,Granada,703,703,1,0,1
2021-01-29,Huelva,455,455,3,0,0
2021-01-29,Jaén,335,336,1,0,0
2021-01-29,Málaga,1016,1019,33,0,1
2021-01-29,Sevilla,1037,1043,13,0,0
2021-01-30,Andalucía,3595,3596,52,2,2
2021-01-30,Almería,506,506,3,1,0
2021-01-30,Cádiz,601,601,5,0,0
2021-01-30,Córdoba,338,338,3,1,0
2021-01-30,Granada,224,224,0,0,0
2021-01-30,Huelva,256,257,7,0,1
2021-01-30,Jaén,207,207,5,0,0
2021-01-30,Málaga,712,712,27,0,1
2021-01-30,Sevilla,751,751,2,0,0
2021-01-31,Andalucía,413,414,23,0,0
2021-01-31,Almería,16,16,3,0,0
2021-01-31,Cádiz,10,10,0,0,0
2021-01-31,Córdoba,90,90,3,0,0
2021-01-31,Granada,4,4,0,0,0
2021-01-31,Huelva,47,47,2,0,0
2021-01-31,Jaén,18,18,1,0,0
2021-01-31,Málaga,117,118,12,0,0
2021-01-31,Sevilla,111,111,2,0,0
